DIA DESDE;DIA HASTA;MES;AŃO;GASOLINA PREMIUM;GASOLINA REGULAR;GASOIL REGULAR;GASOIL REGULAR EGP-C (NO INTERC);GASOIL REGULAR EGP-T (NO INTERC);GASOIL REGULAR EGP-C (INTERC);GASOIL REGULAR EGP-T (INTERC);GASOIL PREMIUM;GASOIL PREMIUM EGP-C;GASOIL PREMIUM EGP-T;GASOIL OPTIMO ;AVTUR ;KEROSENE;FUEL OIL ;FUEL OIL EGP-C (NO INTERC);FUEL OIL EGP-T (NO INTERC);FUEL OIL  EGP-C (INTERC);FUEL OIL EGP-T (INTERC);FUEL OIL 1% AZUFRE (FO6, 1%S);FUEL OIL  1% AZUFRE (FO6, 1%S) (EGP-C (INTERC);FUEL OIL  1% AZUFRE (FO6, 1%S) (EGP-T (INTERC);GLP 
2;8;Enero;2010;160;151;132;107;104;88;85;140;124;121;0;105;122;96;82;79;72;69;0;0;0;80
9;15;Enero;2010;164;155;132;107;104;88;85;137;124;121;0;109;126;100;87;84;75;72;0;0;0;80
16;22;Enero;2010;164;155;132;107;104;88;85;137;124;121;0;109;126;100;87;84;75;72;0;0;0;80
23;29;Enero;2010;162;152;129;104;101;86;83;134;121;118;0;103;121;96;82;79;72;69;0;0;0;80
30;5;Febrero;2010;158;148;125;101;98;83;80;130;117;114;0;99;117;93;80;77;70;70;0;0;0;80
6;12;Febrero;2010;158;149;128;103;100;85;82;133;120;117;0;102;119;95;82;79;71;68;0;0;0;80
13;19;Febrero;2010;154;145;124;100;97;82;79;129;116;113;0;99;116;93;80;77;70;67;0;0;0;80
20;26;Febrero;2010;157;148;127;102;99;84;81;132;119;116;0;101;118;96;82;79;72;69;0;0;0;80
27;5;Marzo;2010;160;151;129;104;101;85;82;134;121;118;0;103;120;96;84;81;73;70;0;0;0;80
6;12;Marzo;2010;160;151;129;104;101;85;82;134;121;118;0;103;120;96;84;81;73;70;0;0;0;80
13;19;Marzo;2010;164;154;130;106;103;87;84;135;122;119;0;105;122;97;84;81;73;70;0;0;0;78
20;26;Marzo;2010;166;156;131;107;104;88;85;136;123;120;0;106;122;95;82;79;71;68;0;0;0;76
27;2;Abril;2010;166;156;131;107;104;88;85;136;123;120;0;106;122;95;82;79;71;68;0;0;0;76
3;9;Abril;2010;166;156;131;107;104;88;85;136;123;120;0;106;122;95;82;79;71;68;0;0;0;76
10;16;Abril;2010;166;156;131;107;104;88;85;136;123;120;0;106;122;95;82;79;71;68;0;0;0;76
17;23;Abril;2010;166;156;131;107;104;88;85;136;123;120;0;106;122;95;82;79;71;68;0;0;0;76
24;30;Abril;2010;166;156;131;107;104;88;85;136;123;120;0;106;122;95;82;79;71;68;0;0;0;76
1;7;Mayo;2010;168;158;133;108;105;89;86;138;125;122;0;114;130;98;85;82;74;71;0;0;0;77
8;14;Mayo;2010;168;158;133;108;105;89;86;138;125;122;0;114;130;98;85;82;74;71;0;0;0;77
15;21;Mayo;2010;168;158;133;108;105;89;86;138;125;122;0;114;130;98;85;82;74;71;0;0;0;77
22;28;Mayo;2010;165;154;131;106;103;87;84;136;123;120;0;108;125;95;82;79;71;68;0;0;0;76
29;4;Junio ;2010;161;151;128;103;100;85;82;133;120;117;0;104;121;91;78;75;68;65;0;0;0;74
5;11;Junio ;2010;161;151;128;103;100;85;82;133;120;117;0;104;121;91;78;75;68;65;0;0;0;74
12;18;Junio ;2010;161;151;128;103;100;85;82;133;120;117;0;104;121;91;78;75;68;65;0;0;0;74
19;25;Junio ;2010;163;153;130;105;102;87;84;135;122;119;0;105;122;92;79;76;69;66;0;0;0;74
26;2;Julio;2010;164;154;132;107;104;88;85;137;124;121;0;107;124;93;80;77;69;66;0;0;0;74
3;9;Julio;2010;164;154;131;105;102;87;84;136;122;119;0;105;122;93;80;77;69;66;0;0;0;74
10;16;Julio;2010;163;152;129;104;101;85;82;134;121;118;0;102;119;90;77;74;67;64;0;0;0;74
17;23;Julio;2010;164;154;130;104;101;86;83;135;121;118;0;105;122;93;80;77;70;67;0;0;0;75
24;30;Julio;2010;164;154;130;104;101;86;83;135;121;118;0;105;122;93;80;77;70;67;0;0;0;75
31;6;Agosto;2010;164;154;130;104;101;86;83;135;121;118;0;105;122;93;80;77;70;67;0;0;0;75
7;13;Agosto;2010;164;154;130;104;101;86;83;135;121;118;0;105;122;93;80;77;70;67;0;0;0;75
14;20;Agosto;2010;164;154;130;104;101;86;83;135;121;118;0;105;122;93;80;77;70;67;0;0;0;75
21;27;Agosto;2010;164;154;130;104;101;86;83;135;121;118;0;105;122;93;80;77;70;67;0;0;0;75
28;3;Septiembre;2010;159;150;130;104;101;86;83;135;121;118;0;105;122;92;78;75;68;65;0;0;0;77
4;10;Septiembre;2010;161;151;132;105;102;87;84;137;123;120;0;105;122;92;78;75;68;65;0;0;0;78
11;17;Septiembre;2010;161;152;133;106;103;87;84;138;124;121;0;107;124;93;79;76;69;66;0;0;0;78
18;24;Septiembre;2010;163;155;134;107;104;88;85;139;125;122;0;109;126;94;80;77;70;67;0;0;0;80
25;1;Octubre;2010;163;155;135;108;105;89;86;140;126;123;0;109;126;94;80;77;70;67;0;0;0;80
2;8;Octubre;2010;163;155;137;110;107;91;88;142;128;125;0;109;126;94;80;77;70;67;0;0;0;80
9;15;Octubre;2010;166;156;139;112;109;92;89;144;131;127;0;111;128;96;82;79;71;68;0;0;0;83
16;22;Octubre;2010;168;158;140;113;110;94;91;146;132;129;0;113;130;98;84;81;73;70;0;0;0;83
23;29;Noviembre;2010;168;158;140;113;110;94;91;146;132;129;0;113;130;98;84;81;73;70;0;0;0;83
30;5;Noviembre;2010;168;158;140;113;110;94;91;146;132;129;0;113;130;98;84;81;73;70;0;0;0;83
6;12;Noviembre;2010;168;158;142;115;112;95;92;148;134;131;0;116;134;101;88;85;76;73;0;0;0;86
13;19;Noviembre;2010;171;161;144;117;114;97;94;150;136;133;0;118;136;105;91;88;79;76;0;0;0;88
20;26;Noviembre;2010;171;161;144;117;114;97;94;150;136;133;0;118;136;105;91;88;79;76;0;0;0;88
27;3;Noviembre;2010;171;161;144;117;114;97;94;150;136;133;0;118;136;105;91;88;79;76;0;0;0;88
4;10;Diciembre;2010;171;161;144;117;114;97;94;150;136;133;0;118;136;105;91;88;79;76;0;0;0;88
11;17;Diciembre;2010;171;161;144;117;114;97;94;150;136;133;0;118;136;105;91;88;79;76;0;0;0;88
18;24;Diciembre;2010;171;161;144;117;114;97;94;150;136;133;0;118;136;105;91;88;79;76;0;0;0;88
25;3;Diciembre;2010;171;161;144;117;114;97;94;150;136;133;0;118;136;105;91;88;79;76;0;0;0;88
1;7;Enero;2011;173;162;145;118;115;98;95;152;138;135;0;120;138;106;92;89;80;77;0;0;0;89
8;14;Enero;2011;177;167;150;122;119;102;99;156;142;139;0;123;141;108;94;91;82;79;0;0;0;91
15;21;Enero;2011;180;170;154;127;124;105;102;160;146;143;0;127;145;109;95;92;83;80;0;0;0;93
22;28;Enero;2011;183;173;157;130;127;108;105;163;149;146;0;130;148;109;95;92;83;80;0;0;0;94
29;4;Enero;2011;183;173;157;133;130;111;108;163;151;148;0;134;152;109;95;92;83;80;0;0;0;94
5;11;Febrero;2011;183;173;157;133;130;111;108;163;151;148;0;139;157;114;101;98;87;84;0;0;0;94
12;18;Febrero;2011;186;175;161;138;135;115;112;166;156;153;0;140;158;115;101;98;88;85;0;0;0;94
19;25;Febrero;2011;188;178;163;139;136;116;113;169;157;154;0;141;160;119;106;103;92;89;0;0;0;94
26;4;Febrero;2011;191;181;166;141;138;118;115;172;159;156;0;145;164;122;108;105;93;90;0;0;0;95
5;11;Marzo;2011;195;185;171;144;141;120;117;176;162;159;0;148;168;126;113;110;98;95;0;0;0;97
12;18;Marzo;2011;200;190;174;147;144;122;119;180;165;162;0;150;170;127;113;110;98;95;0;0;0;97
19;25;Marzo;2011;200;190;174;147;144;122;119;180;165;162;0;150;170;127;113;110;98;95;0;0;0;97
26;1;Marzo;2011;205;194;178;150;147;125;122;183;168;165;0;153;174;127;113;110;98;95;0;0;0;99
2;8;Abril;2011;209;197;181;151;148;128;123;185;169;166;0;154;175;128;114;111;99;96;0;0;0;99
9;15;Abril;2011;214;202;185;155;152;129;126;190;173;170;0;157;178;131;117;114;101;98;0;0;0;100
16;22;Abril;2011;218;205;188;157;154;132;129;193;176;173;0;159;180;131;117;114;102;99;0;0;0;100
23;29;Abril;2011;218;205;188;157;157;132;129;193;176;173;0;159;180;131;117;114;102;99;0;0;0;100
30;6;Abril;2011;223;210;190;159;156;133;129;196;178;175;0;161;183;132;118;115;103;99;0;0;0;101
7;13;Mayo;2011;223;210;190;159;156;133;129;196;178;175;0;161;183;132;118;115;103;99;0;0;0;101
14;20;Mayo;2011;222;209;189;157;153;131;127;195;177;173;0;160;183;132;118;114;102;98;0;0;0;100
21;27;Mayo;2011;220;207;187;154;150;129;124;192;173;169;0;157;181;130;116;111;100;96;0;0;0;100
28;3;Mayo;2011;220;207;187;154;150;129;124;192;173;169;0;157;181;13;116;111;100;96;0;0;0;100
4;10;Junio ;2011;223;210;189;155;150;129;125;195;175;170;0;157;181;132;116;112;101;96;0;0;0;102
11;17;Junio ;2011;226;213;192;158;153;131;127;198;178;173;0;158;184;135;120;115;104;100;0;0;0;104
18;24;Junio ;2011;227;214;194;159;154;132;128;200;179;174;0;160;187;137;123;118;106;102;0;0;0;105
25;1;Junio ;2011;225;211;191;156;151;130;125;197;176;171;0;157;183;134;120;115;104;99;0;0;0;103
2;8;Julio;2011;225;210;189;154;150;128;124;195;175;170;0;155;180;133;118;113;103;98;0;0;0;104
9;15;Julio;2011;225;210;189;154;150;128;124;195;175;170;0;155;180;133;118;113;103;98;0;0;0;104
16;22;Julio;2011;230;214;193;158;153;131;127;200;179;175;0;160;185;135;119;114;103;98;0;0;0;107
23;29;Julio;2011;235;218;196;160;155;133;128;202;181;179;0;161;187;136;119;115;104;99;0;0;0;108
30;5;Julio;2011;237;221;197;160;156;133;129;204;182;178;0;163;189;138;121;116;105;100;0;0;0;108
6;12;Agosto;2011;237;221;197;160;156;133;129;204;182;178;0;163;189;138;121;116;105;100;0;0;0;108
13;19;Agosto;2011;227;210;186;151;146;125;121;193;173;168;0;151;177;130;113;108;98;93;0;0;0;104
20;26;Agosto;2011;230;213;187;152;147;126;121;194;174;169;0;153;179;131;114;110;99;95;0;0;0;106
27;2;Agosto;2011;232;215;187;152;147;126;121;194;174;169;0;155;180;132;115;110;100;95;0;0;0;106
3;9;Septiembre;2011;236;219;191;154;149;128;123;197;176;172;0;159;186;136;119;115;104;99;0;0;0;107
10;16;Septiembre;2011;236;219;192;156;151;129;125;199;178;173;0;156;183;136;119;114;103;98;0;0;0;108
17;23;Septiembre;2011;231;215;190;154;149;128;123;197;176;172;0;154;181;135;118;113;102;98;0;0;0;110
24;30;Septiembre;2011;227;211;189;153;148;127;122;195;175;170;0;153;180;135;118;113;102;98;0;0;0;110
1;7;Octubre;2011;223;207;186;151;146;125;120;193;173;168;0;151;177;133;116;111;101;96;0;0;0;109
8;14;Octubre;2011;221;205;184;149;144;123;119;191;171;166;0;150;175;132;115;110;100;95;0;0;0;108
15;21;Octubre;2011;223;208;186;150;146;125;120;193;172;168;0;151;176;134;117;112;102;97;0;0;0;108
22;28;Octubre;2011;226;210;189;153;148;127;122;195;175;170;0;153;179;136;119;114;103;99;0;0;0;109
29;4;Octubre;2011;226;210;191;155;150;128;124;197;177;172;0;156;182;138;121;116;105;100;0;0;0;109
5;11;Noviembre;2011;226;210;191;155;150;128;124;197;177;172;0;156;182;138;121;116;105;100;0;0;0;109
12;18;Noviembre;2011;226;210;193;156;152;130;125;199;179;174;0;158;184;141;124;119;108;103;0;0;0;109
19;25;Noviembre;2011;226;210;196;159;154;132;127;202;181;177;0;160;186;141;124;119;108;103;0;0;0;109
26;2;Noviembre;2011;222;207;195;157;152;130;126;201;180;175;0;159;185;139;122;117;106;101;0;0;0;108
3;9;Diciembre;2011;220;205;194;156;151;129;125;200;178;174;0;158;183;138;121;116;105;100;0;0;0;108
10;16;Diciembre;2011;220;205;194;156;151;129;125;200;178;174;0;158;183;138;121;116;105;100;0;0;0;108
17;23;Diciembre;2011;219;204;191;154;149;128;123;198;176;172;0;154;180;136;119;114;103;98;0;0;0;108
24;30;Diciembre;2011;217;202;189;152;147;126;121;196;174;169;0;151;177;133;117;112;101;97;0;0;0;107
31;6;Enero;2012;217;202;189;152;147;126;121;196;174;169;0;151;177;133;117;112;101;97;0;0;0;107
7;13;Enero;2012;220;204;191;154;149;127;123;198;176;171;0;154;179;135;118;113;103;98;0;0;0;108
14;20;Enero;2012;223;207;193;155;151;129;124;199;178;173;0;156;182;137;120;115;104;99;0;0;0;108
21;27;Enero;2012;223;207;193;155;151;129;124;199;178;173;0;156;182;137;120;115;104;99;0;0;0;108
28;3;Enero;2012;223;207;193;155;151;129;124;199;178;173;0;156;182;137;120;115;104;99;0;0;0;108
4;10;Febrero;2012;225;209;195;158;153;131;127;202;181;176;0;159;185;140;123;118;107;102;0;0;0;108
11;17;Febrero;2012;225;209;195;158;153;131;127;202;181;176;0;159;185;140;123;118;107;102;0;0;0;108
18;24;Febrero;2012;228;211;197;160;155;133;128;204;182;178;0;161;188;142;125;121;109;104;0;0;0;105
25;2;Febrero;2012;228;211;197;160;155;133;128;204;182;178;0;161;188;142;125;121;109;104;0;0;0;105
3;9;Marzo;2012;228;211;197;160;155;133;128;204;182;178;0;161;188;142;125;121;109;104;0;0;0;105
10;16;Marzo;2012;228;211;197;160;155;133;128;204;182;178;0;161;188;142;125;121;109;104;0;0;0;105
17;23;Marzo;2012;230;214;199;162;157;134;130;206;184;179;0;163;190;144;127;123;110;106;0;0;0;103
24;30;Marzo;2012;230;214;199;162;157;134;130;206;184;179;0;163;190;144;127;123;110;106;0;0;0;103
31;6;Marzo;2012;230;214;199;162;157;134;130;206;184;179;0;163;190;144;127;123;110;106;0;0;0;103
7;13;Abril;2012;230;214;199;162;157;134;130;206;184;179;0;163;190;144;127;123;110;106;0;0;0;103
14;20;Abril;2012;230;214;199;162;157;134;130;206;184;179;0;163;190;144;127;123;110;106;0;0;0;103
21;27;Abril;2012;230;214;199;162;157;134;130;206;184;179;0;163;190;144;127;123;110;106;0;0;0;103
28;4;Abril;2012;230;214;199;162;157;134;130;206;184;179;0;163;190;144;127;123;110;106;0;0;0;103
5;11;Mayo;2012;230;214;199;162;157;134;130;206;184;179;0;163;190;144;127;123;110;106;0;0;0;103
12;18;Mayo;2012;230;214;199;162;157;134;130;206;184;179;0;163;190;144;127;123;110;106;0;0;0;100
19;25;Mayo;2012;230;214;199;162;157;134;130;206;184;179;0;163;190;144;127;123;110;106;0;0;0;100
26;1;Mayo;2012;230;214;199;162;157;134;130;206;184;179;0;163;190;144;127;123;110;106;0;0;0;100
2;8;Junio ;2012;230;214;199;162;157;134;130;206;184;179;0;163;190;144;127;123;110;106;0;0;0;100
9;15;Junio ;2012;227;211;197;160;155;133;128;204;183;178;0;161;187;142;125;120;109;104;0;0;0;98
16;22;Junio ;2012;225;209;195;158;153;131;126;201;181;176;0;158;185;140;123;118;107;102;0;0;0;96
26;29;Junio ;2012;224;207;192;155;151;129;124;199;179;174;0;156;182;138;121;116;105;100;0;0;0;94
30;6;Junio ;2012;222;205;190;153;149;127;123;197;177;172;0;154;180;136;118;114;103;98;0;0;0;92
7;13;Julio;2012;222;205;190;153;149;127;123;197;177;172;0;154;180;136;118;114;103;98;0;0;0;92
14;20;Julio;2012;224;207;190;153;149;127;123;197;177;172;0;154;180;136;118;114;103;98;0;0;0;92
21;27;Julio;2012;227;209;190;153;149;127;123;197;177;172;0;154;180;136;118;114;103;98;0;0;0;90
28;3;Julio;2012;229;211;190;153;149;127;123;197;177;172;0;154;180;136;118;114;103;98;0;0;0;90
4;10;Agosto;2012;231;214;190;153;149;127;123;197;177;172;0;154;180;136;118;114;103;98;0;0;0;90
11;17;Agosto;2012;234;216;192;156;151;129;125;199;179;174;0;161;186;136;118;114;103;98;0;0;0;88
18;24;Agosto;2012;234;216;192;156;151;129;125;199;179;174;0;161;186;136;118;114;103;98;0;0;0;88
25;31;Agosto;2012;234;216;192;156;151;129;125;199;179;174;0;161;186;136;118;114;103;98;0;0;0;88
1;7;Septiembre;2012;237;219;195;159;154;132;127;202;182;177;0;163;189;138;121;116;105;100;0;0;0;88
8;14;Septiembre;2012;240;222;198;162;157;134;130;204;185;180;0;166;192;140;122;118;106;101;0;0;0;90
15;21;Septiembre;2012;244;224;201;164;159;136;131;207;187;182;0;169;196;143;126;121;109;104;0;0;0;93
22;28;Septiembre;2012;244;224;201;164;159;136;131;207;187;182;0;169;196;143;126;121;109;104;0;0;0;91
29;5;Septiembre;2012;244;224;201;164;159;136;131;207;187;182;0;169;196;143;126;121;109;104;0;0;0;90
6;12;Octubre;2012;244;224;201;164;159;136;131;207;187;182;0;169;196;143;126;121;109;104;0;0;0;90
13;19;Octubre;2012;244;224;201;164;159;136;131;207;187;182;0;169;196;143;126;121;109;104;0;0;0;90
20;26;Octubre;2012;246;227;203;166;161;138;133;210;189;184;0;169;196;143;126;121;109;104;0;0;0;91
27;2;Octubre;2012;243;224;202;163;159;136;131;209;187;182;0;166;193;140;122;118;106;102;0;0;0;90
3;9;Noviembre;2012;238;220;201;162;158;135;130;208;186;181;0;163;188;137;120;115;104;99;0;0;0;90
10;16;Noviembre;2012;234;217;199;160;155;133;128;205;183;179;0;159;186;135;117;113;102;97;0;0;0;90
17;23;Noviembre;2012;233;216;200;160;155;133;128;207;185;180;212;153;186;135;117;113;102;97;0;0;0;93
24;30;Noviembre;2012;233;216;204;163;158;136;131;210;188;183;221;153;189;135;117;113;102;97;0;0;0;93
1;7;Diciembre;2012;233;216;204;163;158;136;131;210;188;163;222;153;189;135;117;113;102;97;0;0;0;93
8;14;Diciembre;2012;233;216;204;163;158;136;131;210;188;183;220;153;189;136;119;114;103;98;0;0;0;93
15;21;Diciembre;2012;231;214;203;162;157;135;130;209;18;182;216;151;187;135;118;113;102;98;0;0;0;92
22;28;Diciembre;2012;231;214;203;162;157;135;130;209;187;182;217;151;187;135;118;113;102;98;0;0;0;92
29;4;Enero;2013;231;214;203;162;157;135;130;209;187;182;221;151;187;135;118;113;102;98;0;0;0;92
5;11;Enero;2013;234;216;205;165;160;137;132;212;190;185;221;152;191;138;121;116;105;100;0;0;0;94
12;18;Enero;2013;238;219;207;166;161;138;134;213;191;187;223;155;194;141;123;119;107;102;0;0;0;96
19;25;Enero;2013;240;221;207;166;161;138;134;213;191;187;224;157;196;141;123;119;107;102;0;0;0;96
26;1;Enero;2013;242;223;208;167;163;139;135;215;192;188;224;157;196;141;123;119;107;102;0;0;0;97
2;8;Febrero;2013;244;225;210;169;165;141;136;217;195;190;226;159;198;143;125;120;109;104;0;0;0;100
9;15;Febrero;2013;247;227;212;171;167;143;138;219;197;192;231;162;202;145;128;123;111;106;0;0;0;100
16;22;Febrero;2013;247;227;212;171;167;143;138;219;197;192;235;162;202;145;128;123;111;106;0;0;0;100
23;1;Febrero;2013;251;231;215;174;170;145;141;222;199;195;236;164;204;146;128;123;111;106;0;0;0;100
2;8;Marzo;2013;251;231;215;174;170;145;141;222;199;195;236;164;204;146;128;123;111;106;0;0;0;100
9;15;Marzo;2013;251;231;215;174;170;145;141;222;199;195;236;164;204;146;128;123;111;106;0;0;0;100
16;22;Marzo;2013;251;231;215;174;170;145;141;222;199;195;236;164;204;146;128;123;111;106;0;0;0;100
23;29;Marzo;2013;251;231;215;174;170;145;141;222;199;195;236;164;204;146;128;123;111;106;0;0;0;100
30;5;Marzo;2013;251;231;213;173;168;144;139;220;198;193;234;162;202;144;126;122;110;105;0;0;0;99
6;12;Abril;2013;251;231;213;173;168;144;139;220;198;193;234;162;202;144;126;122;110;105;0;0;0;99
13;19;Abril;2013;251;231;211;171;166;142;137;218;196;191;231;160;200;143;125;121;109;104;0;0;0;98
20;26;Abril;2013;251;231;208;167;163;139;135;214;192;188;228;157;196;141;124;119;107;103;0;0;0;98
27;3;Abril;2013;250;230;206;165;161;138;133;212;190;186;226;156;195;140;123;118;106;102;0;0;0;97
4;10;Mayo;2013;250;230;206;165;161;138;133;212;190;186;226;156;195;140;123;118;106;102;0;0;0;97
11;17;Mayo;2013;250;230;206;165;161;138;133;212;190;186;226;156;195;140;123;118;106;102;0;0;0;97
18;24;Mayo;2013;250;230;206;165;161;138;133;212;190;186;226;156;195;140;123;118;106;102;0;0;0;97
25;31;Mayo;2013;250;230;206;165;161;138;133;212;190;186;226;156;195;140;123;118;106;102;0;0;0;97
1;7;Junio ;2013;250;230;204;163;159;136;131;210;188;184;224;154;193;138;121;116;105;100;0;0;0;97
8;14;Junio ;2013;250;230;204;163;159;136;131;210;188;184;224;154;193;138;121;116;105;100;0;0;0;97
15;21;Junio ;2013;250;230;204;163;159;136;131;210;188;184;224;154;193;138;121;116;105;100;0;0;0;97
22;28;Junio ;2013;252;232;206;166;161;138;133;212;191;186;225;155;194;139;122;117;106;101;0;0;0;98
29;5;Junio ;2013;251;231;204;164;159;136;132;210;189;184;222;153;192;137;120;115;104;99;0;0;0;95
6;12;Julio;2013;251;231;204;164;159;136;132;210;189;184;222;153;192;137;120;115;104;99;0;0;0;95
13;19;Julio;2013;254;235;206;166;161;138;134;212;191;186;225;153;192;139;121;116;105;100;0;0;0;97
20;26;Julio;2013;258;240;210;170;165;141;137;216;195;190;228;155;194;140;122;117;106;101;0;0;0;100
27;2;Julio;2013;260;242;210;170;164;141;137;216;195;190;228;155;194;140;122;117;106;101;0;0;0;101
3;9;Agosto;2013;262;244;210;170;165;141;137;216;195;190;228;155;194;140;122;117;106;101;0;0;0;101
10;16;Agosto;2013;262;244;210;170;165;141;137;216;195;190;228;155;194;140;122;117;106;101;0;0;0;101
17;23;Agosto;2013;262;244;210;170;165;141;137;216;195;190;228;155;194;140;122;117;106;101;0;0;0;101
24;30;Agosto;2013;264;247;212;171;167;143;138;219;197;192;230;158;196;143;125;120;108;104;0;0;0;103
31;6;Agosto;2013;267;249;214;174;169;145;140;221;199;194;232;160;198;145;127;123;111;106;0;0;0;106
7;13;Septiembre;2013;267;249;214;174;169;145;140;221;199;194;232;160;198;145;127;123;111;106;0;0;0;106
14;20;Septiembre;2013;267;249;214;174;169;145;140;221;199;194;232;160;198;145;127;123;111;106;0;0;0;106
21;27;Septiembre;2013;265;247;214;174;169;145;140;221;199;194;232;160;198;145;127;123;111;106;0;0;0;106
28;4;Septiembre;2013;261;243;213;172;168;144;139;220;197;193;231;159;197;144;127;122;110;105;0;0;0;106
5;11;Octubre;2013;257;240;212;171;166;143;138;218;196;191;228;157;195;144;126;122;110;105;0;0;0;106
12;18;Octubre;2013;257;240;212;171;166;143;138;218;196;191;228;157;195;144;126;122;110;105;0;0;0;106
19;25;Octubre;2013;257;240;212;171;166;143;138;218;196;191;228;157;195;144;126;122;110;105;0;0;0;106
26;1;Octubre;2013;257;240;212;171;166;143;138;218;196;191;228;157;195;144;126;122;110;105;0;0;0;106
2;8;Noviembre;2013;250;235;211;170;166;142;137;217;195;191;227;156;194;143;125;121;109;104;0;0;0;106
9;15;Noviembre;2013;248;233;210;168;164;140;136;216;193;189;225;154;192;142;124;119;108;103;0;0;0;105
16;23;Noviembre;2013;245;231;208;167;162;139;135;215;192;188;224;152;190;141;123;118;107;102;0;0;0;105
23;29;Noviembre;2013;247;233;211;169;165;141;137;217;194;190;226;154;192;143;125;120;109;104;0;0;0;107
30;6;Noviembre;2013;249;235;213;172;167;143;138;220;197;192;228;156;194;145;127;123;111;106;0;0;0;109
7;13;Diciembre;2013;249;235;213;172;167;143;138;220;197;192;228;156;194;145;127;123;111;106;0;0;0;109
14;20;Diciembre;2013;249;235;213;172;167;143;138;220;197;192;228;156;194;145;127;123;111;106;0;0;0;109
21;27;Diciembre;2013;247;233;213;172;167;143;138;220;197;192;228;156;194;145;127;123;111;106;0;0;0;109
28;3;Diciembre;2013;247;233;213;172;167;143;138;220;197;192;228;156;194;145;127;123;111;106;0;0;0;109
4;10;Enero;2014;247;233;213;172;167;143;138;220;197;192;228;156;194;145;127;123;111;106;0;0;0;109
11;17;Enero;2014;249;234;214;173;168;144;139;221;198;193;228;158;197;145;127;123;111;106;0;0;0;111
18;24;Enero;2014;249;234;214;173;168;144;139;221;198;193;228;158;197;145;127;123;111;106;0;0;0;111
25;31;Enero;2014;251;236;216;175;170;146;141;223;200;195;230;160;199;147;130;125;112;108;0;0;0;115
1;7;Febrero;2014;251;236;216;175;170;146;141;223;200;195;230;160;199;147;130;125;112;108;0;0;0;117
8;14;Febrero;2014;251;236;216;175;170;146;141;223;200;195;230;160;199;147;130;125;112;108;0;0;0;117
15;21;Febrero;2014;251;236;216;175;170;146;141;223;200;195;230;160;199;147;130;125;112;108;0;0;0;117
22;28;Febrero;2014;253;238;216;175;170;146;141;223;200;195;234;164;203;147;130;125;112;108;0;0;0;117
1;7;Marzo;2014;253;238;216;175;170;146;141;223;200;195;234;164;203;147;130;125;112;108;0;0;0;117
8;14;Marzo;2014;255;240;219;177;172;148;143;225;202;197;236;166;206;147;130;125;112;108;0;0;0;117
15;21;Marzo;2014;225;240;217;174;170;146;141;224;200;195;233;166;206;147;130;125;112;108;0;0;0;115
22;28;Marzo;2014;225;240;217;174;170;146;141;224;200;195;233;166;206;147;130;125;112;108;0;0;0;115
29;4;Marzo;2014;257;242;217;174;170;146;141;224;200;195;233;166;206;147;130;125;112;108;0;0;0;115
5;11;Abril;2014;259;243;217;174;170;146;141;224;200;195;233;166;206;147;130;125;112;108;0;0;0;115
12;18;Abril;2014;259;243;217;174;170;146;141;224;200;195;233;166;206;147;130;125;112;108;0;0;0;115
19;25;Abril;2014;259;243;217;174;170;146;141;224;200;195;233;166;206;147;130;125;112;108;0;0;0;115
26;2;Abril;2014;262;246;220;176;171;147;142;227;203;198;235;166;206;147;130;125;112;108;0;0;0;115
3;9;Mayo;2014;265;248;220;176;171;147;142;227;203;198;235;166;206;147;130;125;112;108;0;0;0;115
10;16;Mayo;2014;265;248;220;176;171;147;142;227;203;198;235;166;206;147;130;125;112;108;0;0;0;115
17;23;Mayo;2014;265;248;218;174;170;146;141;225;201;196;234;163;203;146;128;124;112;107;0;0;0;113
24;30;Mayo;2014;267;250;218;174;170;146;141;225;201;196;234;163;203;146;128;124;112;107;0;0;0;113
31;6;Mayo;2014;267;250;218;174;170;146;141;225;201;196;234;163;203;146;128;124;112;107;0;0;0;113
7;13;Junio ;2014;267;250;218;174;170;146;141;225;201;196;234;163;203;146;128;124;112;107;0;0;0;113
14;20;Junio ;2014;269;252;218;174;170;146;141;225;201;196;234;163;203;146;128;124;112;107;0;0;0;113
21;27;Junio ;2014;272;255;220;176;172;147;143;227;203;196;235;163;203;147;129;124;112;107;0;0;0;113
28;4;Junio ;2014;272;255;220;176;172;147;143;227;203;198;235;163;203;147;129;124;112;107;0;0;0;113
5;11;Julio;2014;272;255;220;176;172;147;143;227;203;196;235;163;203;147;129;124;112;107;0;0;0;113
12;18;Julio;2014;272;255;220;176;172;147;143;227;203;198;235;163;203;147;129;124;112;107;0;0;0;113
19;25;Julio;2014;271;254;217;173;168;144;140;224;200;195;232;160;199;144;126;121;109;104;0;0;0;112
26;1;Julio;2014;271;254;217;173;168;144;140;224;200;195;232;160;199;144;126;121;109;104;0;0;0;112
2;8;Agosto;2014;271;254;217;173;168;144;140;224;200;195;232;160;199;144;126;121;109;104;0;0;0;112
9;15;Agosto;2014;273;252;216;172;167;143;139;223;198;194;231;158;198;142;124;119;107;103;0;0;0;111
16;22;Agosto;2014;268;252;216;172;167;143;139;223;198;194;231;158;198;142;124;119;107;103;0;0;0;111
23;29;Agosto;2014;267;251;214;170;166;142;137;221;197;192;230;157;197;141;122;118;106;102;0;0;0;110
30;5;Agosto;2014;267;251;214;170;166;142;137;221;197;192;230;157;197;141;122;118;106;102;0;0;0;110
6;12;Septiembre;2014;267;251;214;170;166;142;137;221;197;192;230;157;197;141;122;118;106;102;0;0;0;110
13;19;Septiembre;2014;263;248;212;168;163;140;135;219;194;190;228;155;196;140;121;117;105;101;0;0;0;110
20;26;Septiembre;2014;260;245;210;166;161;138;133;217;192;187;227;154;194;139;120;115;104;100;0;0;0;110
27;3;Septiembre;2014;259;244;208;163;159;136;131;215;190;185;225;152;191;138;119;114;103;99;0;0;0;111
4;10;Octubre;2014;259;244;208;163;159;136;131;215;190;185;225;152;191;138;119;114;103;99;0;0;0;111
11;17;Octubre;2014;254;240;206;161;157;134;130;213;188;183;223;150;189;135;117;112;101;97;0;0;0;111
18;24;Octubre;2014;240;226;200;156;151;130;125;207;183;178;217;144;182;128;109;104;95;90;0;0;0;109
25;31;Octubre;2014;235;222;196;153;148;127;122;203;179;175;214;141;178;124;105;100;91;87;0;0;0;108
1;7;Noviembre;2014;233;220;195;151;147;125;121;202;178;173;213;140;177;122;103;98;90;85;0;0;0;107
8;14;Noviembre;2014;233;220;195;151;147;125;121;202;178;173;213;140;177;122;103;98;87;85;0;0;0;107
15;21;Noviembre;2014;232;218;193;150;145;124;119;200;176;172;212;139;176;120;101;96;88;83;0;0;0;105
22;28;Noviembre;2014;229;212;184;142;137;117;112;191;169;164;202;135;171;114;95;90;83;78;0;0;0;102
29;5;Noviembre;2014;227;209;181;139;134;114;110;188;165;161;201;133;169;112;93;88;81;76;0;0;0;100
6;12;Diciembre;2014;221;201;178;136;132;129;107;185;163;158;197;130;165;109;91;86;79;75;0;0;0;97
13;19;Diciembre;2014;209;186;165;124;120;102;97;173;151;146;184;117;150;100;81;76;70;66;0;0;0;87
20;26;Diciembre;2014;204;182;161;120;115;98;94;169;147;142;179;113;146;96;77;72;67;62;0;0;0;86
27;2;Diciembre;2014;200;177;158;117;112;95;91;166;143;139;176;110;142;93;74;69;65;60;0;0;0;86
3;9;Enero;2015;197;174;155;114;109;93;88;163;141;136;173;106;139;92;73;68;64;59;0;0;0;86
10;16;Enero;2015;196;175;154;114;109;93;88;163;141;136;173;105;137;90;71;66;62;57;0;0;0;85
17;23;Enero;2015;194;171;153;112;107;91;86;161;138;134;170;102;134;87;68;63;59;55;0;0;0;84
24;30;Enero;2015;193;170;150;108;104;88;83;158;135;130;167;100;132;85;66;61;58;53;0;0;0;83
31;6;Enero;2015;193;170;150;108;104;88;83;158;135;130;167;100;132;85;66;61;58;53;0;0;0;83
7;13;Febrero;2015;197;174;152;110;106;90;85;160;137;132;169;101;134;86;67;62;59;54;0;0;0;85
14;20;Febrero;2015;201;178;155;113;109;92;88;163;140;135;173;109;143;95;76;71;66;61;0;0;0;87
21;27;Febrero;2015;204;182;158;116;111;94;90;166;142;138;176;111;145;97;78;73;68;63;0;0;0;88
28;6;Febrero;2015;204;182;158;116;111;94;90;166;142;138;176;111;145;97;78;73;68;63;0;0;0;88
7;13;Marzo;2015;209;186;161;119;114;97;93;169;146;141;179;116;147;97;78;73;68;63;0;0;0;90
14;20;Marzo;2015;213;189;162;120;115;98;94;171;147;142;180;116;147;97;78;73;68;63;0;0;0;90
21;27;Marzo;2015;213;189;157;115;110;94;89;165;142;137;177;111;142;93;74;69;64;60;0;0;0;87
28;3;Marzo;2015;213;189;155;112;108;92;87;163;139;134;175;108;139;91;72;67;63;58;0;0;0;86
4;10;Abril;2015;213;189;155;112;108;92;87;163;139;134;175;108;139;91;72;67;63;58;0;0;0;86
11;17;Abril;2015;216;192;157;114;110;93;89;165;141;136;175;108;139;91;72;67;63;58;0;0;0;86
18;24;Abril;2015;219;195;159;117;113;96;91;167;144;139;177;110;141;93;74;69;65;60;0;0;0;88
25;1;Abril;2015;220;198;163;121;116;99;94;171;148;143;182;114;145;95;76;71;66;62;0;0;0;88
2;8;Mayo;2015;225;202;164;122;118;100;95;172;149;144;184;116;147;97;78;73;68;63;0;0;0;88
9;15;Mayo;2015;226;205;167;125;120;102;98;175;151;147;186;121;153;100;80;76;70;66;0;0;0;88
16;22;Mayo;2015;229;205;167;125;120;102;98;175;151;147;186;121;153;100;80;76;70;66;0;0;0;88
22;29;Mayo;2015;226;205;167;125;120;102;98;175;151;147;186;121;153;100;80;76;70;66;0;0;0;88
30;5;Mayo;2015;226;205;167;125;120;102;98;175;151;147;186;121;153;100;80;76;70;66;0;0;0;83
6;12;Junio ;2015;227;207;167;125;120;102;98;175;151;147;186;121;153;100;80;76;70;66;0;0;0;83
13;19;Junio ;2015;226;205;165;123;119;101;96;173;150;145;185;120;150;99;79;75;69;65;0;0;0;82
20;26;Junio ;2015;226;205;165;123;119;101;96;173;150;145;185;120;150;99;79;75;96;65;0;0;0;82
27;3;Junio ;2015;226;205;165;123;119;101;96;173;150;145;185;120;150;99;79;75;100;65;0;0;0;82
4;10;Julio;2015;226;205;165;123;119;101;96;173;150;145;185;120;150;99;79;75;69;65;0;0;0;82
11;17;Julio;2015;226;205;163;121;117;99;95;171;148;143;183;118;147;97;78;73;68;63;0;0;0;80
18;24;Julio;2015;226;205;158;117;112;95;91;166;143;139;178;113;141;94;75;70;66;61;0;0;0;80
25;31;Julio;2015;225;204;156;114;110;93;89;164;141;137;175;111;139;92;73;68;64;59;0;0;0;79
1;7;Agosto;2015;218;200;148;106;102;86;82;156;133;128;168;104;131;86;67;62;58;54;0;0;0;79
8;14;Agosto;2015;218;200;148;106;102;86;82;156;133;128;168;104;131;86;67;62;58;54;0;0;0;79
15;21;Agosto;2015;216;198;146;104;99;84;80;154;131;126;166;103;129;83;64;60;56;52;0;0;0;78
22;28;Agosto;2015;214;196;145;103;98;84;79;153;130;125;165;101;127;81;62;57;54;50;0;0;0;78
29;4;Agosto;2015;202;184;141;99;94;80;75;149;126;121;160;96;122;75;55;51;49;44;0;0;0;77
5;11;Septiembre;2015;197;179;143;102;97;82;78;151;128;124;162;98;124;77;58;54;51;46;0;0;0;78
12;18;Septiembre;2015;193;175;145;105;100;85;80;152;132;127;163;101;125;79;60;55;52;48;0;0;0;81
19;25;Septiembre;2015;191;173;142;103;98;83;79;150;129;125;161;99;123;77;58;53;51;46;0;0;0;81
26;2;Septiembre;2015;191;173;142;103;98;83;79;150;129;125;161;99;123;77;58;53;51;46;0;0;0;81
3;9;Octubre;2015;193;176;142;103;98;83;79;0;0;0;152;99;123;77;58;53;51;46;0;0;0;81
10;16;Octubre;2015;193;176;144;104;100;85;80;0;0;0;153;100;124;78;59;54;55;47;0;0;0;83
17;23;Octubre;2015;191;174;144;104;100;85;80;0;0;0;153;100;124;78;59;54;52;47;0;0;0;83
24;30;Octubre;2015;189;171;142;103;98;83;78;0;0;0;151;99;123;78;58;54;51;48;0;0;0;82
31;6;Octubre;2015;189;171;142;103;98;83;78;0;0;0;151;99;123;78;58;54;51;46;0;0;0;82
7;13;Noviembre;2015;191;174;145;105;100;85;80;0;0;0;153;102;126;78;58;54;51;48;0;0;0;83
14;20;Noviembre;2015;191;174;145;105;100;85;80;0;0;0;153;102;126;78;58;54;51;48;0;0;0;83
21;27;Noviembre;2015;187;170;140;100;96;81;76;0;0;0;150;98;122;75;55;51;49;44;0;0;0;82
28;4;Noviembre;2015;185;168;136;96;92;78;73;0;0;0;148;97;120;73;54;49;47;42;0;0;0;81
5;11;Diciembre;2015;185;168;133;94;89;75;70;0;0;0;146;95;118;71;52;48;46;41;0;0;0;81
12;18;Diciembre;2015;184;167;129;89;84;71;67;0;0;0;141;92;115;65;46;41;41;36;0;0;0;81
19;25;Diciembre;2015;182;165;125;85;80;67;63;0;0;0;137;87;110;64;44;40;39;34;0;0;0;80
26;1;Diciembre;2015;180;163;124;83;79;66;62;0;0;0;134;85;107;62;43;38;37;33;0;0;0;79
2;8;Enero;2016;180;163;124;83;79;66;62;0;0;0;134;85;107;62;43;38;37;33;0;0;0;79
9;15;Enero;2016;180;163;124;83;79;66;62;0;0;0;134;85;107;62;43;38;37;33;0;0;0;79
16;22;Enero;2016;177;160;119;79;74;62;58;0;0;0;129;78;100;57;37;33;33;28;0;0;0;79
23;29;Enero;2016;174;156;115;75;70;59;54;0;0;0;125;74;96;55;36;31;32;27;0;0;0;78
30;5;Enero;2016;175;158;117;77;72;60;56;0;0;0;127;76;98;58;38;34;34;29;0;0;0;79
6;12;Febrero;2016;175;158;117;77;72;60;56;0;0;0;127;76;98;58;38;34;34;29;0;0;0;79
13;19;Febrero;2016;175;158;117;77;72;60;56;0;0;0;127;76;98;58;38;34;34;29;0;0;0;79
20;26;Febrero;2016;175;158;117;77;72;60;56;0;0;0;127;76;98;58;38;34;34;29;0;0;0;79
27;4;Marzo;2016;175;158;118;78;73;62;57;0;0;0;129;79;100;59;40;35;35;31;0;0;0;81
5;11;Marzo;2016;178;159;120;79;75;63;58;0;0;0;131;81;101;60;41;36;36;31;0;0;0;82
12;18;Marzo;2016;181;161;122;81;79;65;60;0;0;0;135;83;104;62;42;38;37;33;0;0;0;84
19;25;Marzo;2016;184;164;124;84;79;67;62;0;0;0;140;86;109;64;44;40;39;34;0;0;0;86
26;1;Abril;2016;184;164;124;84;79;67;62;0;0;0;140;86;109;64;44;40;39;34;0;0;0;86
2;8;Abril;2016;184;164;124;84;79;67;62;0;0;0;140;86;109;64;44;40;39;34;0;0;0;86
9;15;Abril;2016;184;164;124;84;79;67;62;0;0;0;140;86;109;64;44;40;39;34;0;0;0;86
16;22;Abril;2016;186;167;126;86;81;68;64;0;0;0;141;88;110;65;46;41;41;36;0;0;0;87
23;29;Abril;2016;189;170;128;88;83;70;66;0;0;0;143;89;112;66;47;42;41;37;0;0;0;88
30;6;Abril;2016;192;173;131;91;86;73;68;0;0;0;146;91;114;69;50;45;44;39;0;0;0;89
7;13;Mayo;2016;192;173;131;91;86;73;68;0;0;0;146;91;114;69;50;45;44;39;0;0;0;89
14;20;Mayo;2016;192;173;131;91;86;73;68;0;0;0;146;91;114;69;50;45;44;39;0;0;0;89
21;27;Mayo;2016;196;176;134;94;89;75;71;0;0;0;149;93;116;71;52;47;45;41;0;0;0;90
28;3;Mayo;2016;199;180;137;96;92;78;73;0;0;0;151;95;118;73;53;49;47;42;0;0;0;91
4;10;Junio ;2016;204;184;140;100;95;80;76;0;0;0;153;102;122;74;55;50;48;44;0;0;0;91
11;17;Junio ;2016;206;187;142;104;100;85;80;0;0;0;155;103;125;78;59;54;51;47;0;0;0;88
18;24;Junio ;2016;206;187;142;104;100;85;80;0;0;0;155;103;125;78;59;54;51;47;0;0;0;88
25;1;Junio ;2016;206;187;142;104;100;85;80;0;0;0;155;103;125;78;59;54;51;47;0;0;0;88
2;8;Julio;2016;206;187;142;104;100;85;80;0;0;0;155;103;125;78;59;54;51;47;0;0;0;88
9;15;Julio;2016;202;185;142;104;100;85;80;0;0;0;155;103;126;79;60;55;53;48;0;0;0;90
16;22;Julio;2016;197;181;139;101;96;81;76;0;0;0;153;101;124;78;59;54;52;47;0;0;0;89
23;29;Julio;2016;197;181;139;98;93;79;74;0;0;0;152;99;123;78;59;54;52;47;0;0;0;88
30;5;Julio;2016;196;180;137;96;91;7;72;0;0;0;150;97;121;77;58;53;51;46;0;0;0;88
6;12;Agosto;2016;194;179;134;93;88;75;69;0;0;0;148;95;118;75;56;50;49;43;0;0;0;87
13;19;Agosto;2016;194;179;134;93;88;75;69;0;0;0;148;95;118;75;56;50;49;43;0;0;0;87
20;26;Agosto;2016;194;179;134;93;88;78;69;0;0;0;148;99;122;77;58;52;51;45;0;0;0;87
27;2;Agosto;2016;200;184;141;99;94;80;74;0;0;0;154;106;131;83;63;58;56;50;0;0;0;89
3;9;Septiembre;2016;202;186;142;101;95;81;76;0;0;0;155;106;131;83;63;58;56;50;0;0;0;89
10;16;Septiembre;2016;198;182;141;100;94;80;75;0;0;0;155;102;127;81;62;56;54;49;0;0;0;89
17;23;Septiembre;2016;198;182;141;100;94;80;75;0;0;0;155;102;127;81;62;56;54;49;0;0;0;89
24;30;Septiembre;2016;196;181;141;100;94;80;75;0;0;0;154;101;125;81;62;56;54;49;0;0;0;91
1;7;Octubre;2016;198;183;142;101;95;82;76;0;0;0;155;102;126;82;63;57;55;50;0;0;0;93
8;14;Octubre;2016;201;186;146;104;99;85;79;0;0;0;159;105;129;85;66;60;58;52;0;0;0;94
15;21;Octubre;2016;203;188;149;108;102;88;82;0;0;0;162;108;133;88;68;63;60;54;0;0;0;96
22;28;Octubre;2016;202;187;149;108;102;88;82;0;0;0;162;110;135;90;71;65;62;56;0;0;0;97
29;4;Noviembre;2016;204;188;147;106;100;86;80;0;0;0;161;110;135;89;69;64;61;55;0;0;0;97
5;11;Noviembre;2016;203;187;146;103;97;83;78;0;0;0;159;109;133;87;65;60;57;52;0;0;0;95
12;18;Noviembre;2016;201;185;143;120;114;119;114;0;0;0;156;107;130;85;82;77;82;77;0;0;0;94
19;25;Noviembre;2016;197;181;141;117;111;117;111;0;0;0;154;105;129;84;82;76;82;76;0;0;0;93
26;2;Noviembre;2016;197;181;143;119;113;119;113;0;0;0;156;106;130;86;83;78;83;8;0;0;0;93
3;9;Diciembre;2016;200;184;145;120;115;120;115;0;0;0;159;108;132;88;86;80;86;80;0;0;0;95
10;16;Diciembre;2016;203;187;149;127;122;127;122;0;0;0;164;112;137;93;92;86;92;86;0;0;0;100
17;23;Diciembre;2016;206;190;152;130;125;130;125;0;0;0;167;115;140;96;95;89;95;89;0;0;0;100
24;30;Diciembre;2016;206;190;152;130;125;130;125;0;0;0;167;115;140;96;95;89;95;89;0;0;0;100
31;6;Enero ;2017;211;195;154;133;128;133;128;0;0;0;169;117;142;98;97;92;97;92;0;0;0;103
7;13;Enero ;2017;215;199;154;133;128;133;128;0;0;0;169;117;142;98;97;92;97;92;0;0;0;106
14;20;Enero;2017;213;198;152;131;126;131;126;0;0;0;167;115;140;97;96;91;96;91;0;0;0;105
21;27;Enero;2017;212;197;151;130;125;130;125;0;0;0;165;114;139;96;95;90;95;90;0;0;0;104
28;3;Febrero;2017;212;197;151;130;125;130;125;0;0;0;165;114;139;96;95;90;95;90;0;0;0;105
4;10;Febrero;2017;212;197;151;130;125;130;125;0;0;0;165;114;139;96;95;90;95;90;0;0;0;108
11;17;Febrero;2017;214;199;153;132;127;132;127;0;0;0;167;116;141;96;95;90;95;90;0;0;0;108
18;24;Febrero;2017;214;199;153;132;127;132;127;0;0;0;167;116;141;96;95;90;95;90;0;0;0;111
25;3;Febrero;2017;214;199;154;132;127;132;127;0;0;0;167;118;144;97;95;90;95;90;0;0;0;110
4;10;Marzo;2017;216;200;155;132;127;132;127;0;0;0;168;118;144;99;97;91;97;91;0;0;0;106
11;17;Marzo;2017;213;197;153;129;124;129;124;0;0;0;165;116;141;97;95;89;95;89;0;0;0;101
18;24;Marzo;2017;211;196;148;124;119;124;119;0;0;0;156;112;137;92;90;85;90;85;0;0;0;101
25;31;Marzo;2017;213;198;148;124;119;124;119;0;0;0;156;112;137;92;90;85;90;85;0;0;0;99
1;7;Abril;2017;215;199;149;125;120;125;120;0;0;0;161;112;137;91;89;84;89;84;0;0;0;98
8;14;Abril;2017;219;203;152;128;123;128;123;0;0;0;164;115;140;94;92;87;92;87;0;0;0;99
15;21;Abril;2017;221;205;154;130;125;130;125;0;0;0;166;118;143;96;94;88;94;88;0;0;0;101
22;28;Abril;2017;220;204;154;131;126;131;126;0;0;0;167;118;143;97;95;89;95;89;0;0;0;103
29;5;Mayo;2017;217;201;147;124;119;124;119;0;0;0;162;113;137;94;92;86;92;86;0;0;0;101
6;12;Mayo;2017;213;197;143;120;115;120;115;0;0;0;158;109;133;93;91;85;91;85;0;0;0;100
13;19;Mayo;2017;211;196;141;118;113;118;113;0;0;0;156;106;130;92;90;84;90;84;0;0;0;100
20;26;Mayo;2017;213;198;142;119;114;119;114;0;0;0;158;106;130;95;93;87;93;87;0;0;0;100
27;2;Mayo;2017;217;202;146;123;118;123;118;0;0;0;162;110;135;97;95;89;95;89;0;0;0;101
3;9;Junio ;2017;215;200;145;122;116;122;116;0;0;0;161;113;138;96;93;88;93;88;0;0;0;101
10;16;Junio ;2017;213;198;141;118;112;118;112;0;0;0;157;109;133;93;91;85;91;85;0;0;0;100
17;23;Junio;2017;209;194;138;115;109;115;109;0;0;0;155;106;130;92;89;84;89;84;0;0;0;98
24;30;Junio;2017;207;192;137;114;108;114;108;0;0;0;154;105;129;91;88;82;88;82;0;0;0;97
1;7;Julio;2017;203;189;138;115;110;115;110;0;0;0;152;102;126;91;88;82;88;82;0;0;0;96
8;14;Julio;2017;204;191;142;119;113;119;113;0;0;0;154;104;128;93;90;85;90;85;0;0;0;98
15;21;Julio;2017;206;193;142;119;113;119;113;0;0;0;155;105;130;93;90;85;90;85;0;0;0;99
22;28;Julio;2017;208;195;145;122;117;122;117;0;0;0;158;109;133;96;94;88;94;88;0;0;0;101
29;4;Agosto;2017;208;195;147;124;119;124;119;0;0;0;159;115;140;96;94;88;94;88;0;0;0;103
5;11;Agosto;2017;213;199;151;128;123;128;123;0;0;0;164;119;145;98;95;90;95;90;0;0;0;106
12;18;Agosto;2017;212;198;150;127;122;127;122;0;0;0;163;119;145;98;95;90;95;90;0;0;0;106
19;25;Agosto;2017;210;196;149;126;121;126;121;0;0;0;162;118;143;96;94;88;94;88;0;0;0;107
26;1;Agosto;2017;210;196;150;128;122;128;122;0;0;0;162;119;144;96;94;88;94;88;0;0;0;107
2;8;Septiembre;2017;215;201;152;130;124;125;124;0;0;0;165;126;151;97;95;89;95;89;0;0;0;108
9;15;Septiembre;2017;222;208;155;132;127;132;127;0;0;0;170;132;158;99;97;91;97;91;0;0;0;109
16;22;Septiembre;2017;220;206;159;136;130;136;130;0;0;0;175;129;155;101;98;93;98;93;0;0;0;112
23;29;Septiembre;2017;216;202;160;137;131;137;131;0;0;0;174;127;153;102;99;94;99;94;0;0;0;114
30;6;Octubre;2017;215;202;160;138;132;138;132;0;0;0;176;127;152;101;98;93;98;93;0;0;0;114
7;13;Octubre;2017;211;197;156;134;128;134;128;0;0;0;173;124;150;100;97;92;97;92;0;0;0;114
14;20;Octubre;2017;210;197;154;132;126;132;126;0;0;0;171;123;148;100;97;92;97;92;0;0;0;114
21;27;Octubre;2017;212;198;156;133;127;133;127;0;0;0;173;124;149;102;99;94;99;94;0;0;0;116
28;3;Noviembre;2017;216;202;160;138;132;138;132;0;0;0;174;125;150;103;100;95;100;95;0;0;0;116
4;10;Noviembre;2017;221;205;165;143;137;143;137;0;0;0;180;127;153;107;104;99;104;99;0;0;0;117
11;17;Noviembre;2017;226;209;166;143;137;143;137;0;0;0;181;130;156;112;109;104;109;104;0;0;0;117
18;24;Noviembre;2017;223;207;168;145;139;145;139;0;0;0;182;130;156;111;108;103;108;103;0;0;0;118
25;1;Noviembre;2017;220;204;167;144;138;144;138;0;0;0;182;131;157;109;107;102;107;102;0;0;0;118
2;8;Diciembre;2017;222;207;168;145;139;145;139;0;0;0;181;132;158;110;107;102;107;102;0;0;0;119
9;15;Diciembre;2017;221;208;166;144;138;144;138;0;0;0;180;131;157;109;106;101;106;101;0;0;0;118
16;22;Diciembre;2017;220;206;168;145;139;145;139;0;0;0;182;133;159;108;105;100;105;100;0;0;0;117
23;29;Diciembre;2017;220;207;169;146;140;146;140;0;0;0;182;133;159;109;106;101;106;101;0;0;0;116
30;5;Enero;2018;223;209;171;148;142;148;142;0;0;0;183;133;159;110;107;102;107;102;0;0;0;117
6;12;Enero ;2018;227;211;177;154;148;154;148;0;0;0;188;137;163;112;109;104;109;104;0;0;0;119
13;19;Enero;2018;229;213;176;154;148;154;148;0;0;0;189;139;165;113;110;105;110;105;0;0;0;116
20;26;Enero;2018;232;216;176;153;147;153;147;0;0;0;189;139;165;113;110;105;110;105;0;0;0;116
27;2;Enero;2018;235;219;179;156;150;156;150;0;0;0;191;140;167;113;110;105;110;105;0;0;0;115
3;9;Febrero;2018;234;219;180;157;151;157;151;0;0;0;192;142;169;114;111;106;111;106;0;0;0;112
10;16;Febrero;2018;231;216;173;151;145;151;145;0;0;0;189;139;165;112;109;104;109;104;0;0;0;111
17;23;Febrero;2018;225;210;166;143;137;143;137;0;0;0;181;131;157;108;105;100;105;100;0;0;0;113
24;2;Febrero;2018;225;210;169;147;141;147;141;0;0;0;183;134;160;110;107;102;107;102;0;0;0;114
3;9;Marzo;2018;228;214;173;150;144;150;144;0;0;0;186;137;163;110;107;102;107;102;0;0;0;116
10;16;Marzo;2018;227;214;173;150;144;150;144;0;0;0;184;136;162;110;107;102;107;102;0;0;0;111
17;23;Marzo;2018;229;215;172;149;143;149;143;0;0;0;184;135;160;110;107;102;107;102;0;0;0;110
24;30;Marzo;2018;234;220;175;153;147;153;147;0;0;0;187;138;164;112;109;104;109;104;0;0;0;111
31;6;Marzo;2018;238;224;181;159;153;159;153;0;0;0;192;143;169;113;110;105;110;105;0;0;0;112
7;13;Abril;2018;236;223;182;160;154;160;154;0;0;0;191;143;170;111;108;103;108;103;0;0;0;110
14;20;Abril;2018;237;223;184;161;155;161;155;0;0;0;193;145;172;113;110;105;110;105;0;0;0;110
21;27;Abril;2018;240;227;187;164;158;164;158;0;0;0;196;147;174;116;113;108;113;108;0;0;0;113
28;4;Abril;2018;243;230;188;166;160;166;160;0;0;0;198;150;177;117;114;109;114;109;0;0;0;113
5;11;Mayo;2018;242;227;184;162;156;162;156;0;0;0;198;148;175;118;115;110;115;110;0;0;0;117
12;18;Mayo;2018;241;227;185;163;157;163;157;0;0;0;201;150;177;120;117;112;117;112;0;0;0;116
19;25;Mayo;2018;246;232;190;168;162;168;162;0;0;0;205;154;181;125;122;117;122;117;0;0;0;118
26;1;Mayo;2018;249;234;192;169;163;169;163;0;0;0;207;155;183;128;125;120;125;120;0;0;0;120
2;8;Junio;2018;245;231;190;168;162;168;162;0;0;0;204;153;180;124;121;116;121;116;0;0;0;119
9;15;Junio;2018;241;226;185;163;157;163;157;0;0;0;200;150;177;122;119;114;119;114;0;0;0;118
16;22;Junio;2018;240;225;187;165;159;165;159;0;0;0;201;151;177;122;120;115;120;115;0;0;0;117
23;29;Junio;2018;236;222;184;162;156;162;156;0;0;0;198;147;174;121;118;113;118;113;0;0;0;116
30;6;Junio;2018;238;223;183;161;155;161;155;0;0;0;198;148;174;124;121;116;121;116;0;0;0;116
7;13;Julio;2018;242;228;188;166;160;166;160;0;0;0;202;151;178;129;126;121;126;121;0;0;0;120
14;20;Julio;2018;241;228;187;165;159;165;159;0;0;0;201;152;177;130;127;122;127;122;0;0;0;121
21;27;Julio;2018;239;224;183;161;155;161;155;0;0;0;197;148;174;126;123;118;123;118;0;0;0;120
28;3;Julio;2018;241;226;185;163;157;163;157;0;0;0;199;149;176;126;123;118;123;118;0;0;0;123
4;10;Agosto;2018;241;226;185;165;159;165;159;0;0;0;200;151;178;126;123;118;123;118;0;0;0;123
11;17;Agosto;2018;241;226;185;166;160;166;160;0;0;0;200;149;176;123;120;115;120;115;0;0;0;122
18;24;Agosto;2018;241;228;188;166;160;166;160;0;0;0;199;148;177;121;118;113;118;113;0;0;0;122
25;31;Agosto;2018;241;228;189;166;160;166;160;0;0;0;199;149;176;121;118;113;118;113;0;0;0;122
1;7;Septiembre;2018;242;231;192;169;163;169;163;0;0;0;203;153;179;123;120;115;120;115;0;0;0;124
8;14;Septiembre;2018;243;233;196;174;168;174;168;0;0;0;207;156;184;125;123;117;123;117;0;0;0;128
15;21;Septiembre;2018;242;231;196;174;168;174;168;0;0;0;207;156;184;125;123;117;123;117;0;0;0;129
22;28;Septiembre;2018;241;230;194;172;166;172;166;0;0;0;206;154;182;125;123;117;123;117;0;0;0;128
29;5;Octubre;2018;241;230;194;172;166;172;166;0;0;0;206;154;182;125;123;117;123;117;0;0;0;128
6;12;Octubre;2018;241;230;194;172;166;172;166;0;0;0;206;154;182;125;123;117;123;117;0;0;0;128
13;19;Octubre;2018;241;230;194;172;166;172;166;0;0;0;206;154;182;125;123;117;123;117;0;0;0;128
20;26;Octubre;2018;240;229;194;172;166;172;166;0;0;0;206;154;182;125;123;117;123;117;0;0;0;126
27;2;Octubre;2018;237;226;194;176;170;176;170;0;0;0;206;158;186;130;128;122;128;122;0;0;0;122
3;9;Noviembre;2018;235;223;196;175;169;175;169;0;0;0;208;157;185;131;129;123;129;123;0;0;0;119
10;16;Noviembre;2018;230;218;194;173;167;173;167;0;0;0;206;154;182;129;127;121;127;121;0;0;0;116
17;23;Noviembre;2018;225;213;191;167;162;168;162;0;0;0;202;149;177;125;123;117;123;117;0;0;0;112
24;30;Noviembre;2018;220;209;186;163;157;163;157;0;0;0;197;146;173;122;120;114;120;114;0;0;0;110
1;7;Diciembre;2018;217;204;180;158;152;158;152;0;0;0;192;142;169;119;117;111;117;111;0;0;0;108
8;14;Diciembre;2018;215;201;175;153;147;153;147;0;0;0;187;139;165;116;114;108;114;108;0;0;0;107
15;21;Diciembre;2018;214;200;172;149;143;149;143;0;0;0;184;137;163;114;112;106;112;106;0;0;0;108
22;28;Diciembre;2018;211;196;166;143;138;143;138;0;0;0;179;133;159;109;107;101;107;101;0;0;0;106
29;4;Diciembre;2018;207;193;165;142;137;142;137;0;0;0;176;130;156;106;103;98;103;98;0;0;0;105
5;11;Enero;2019;206;191;162;140;134;140;134;0;0;0;174;127;153;104;101;96;101;96;0;0;0;104
12;18;Enero;2019;208;193;166;143;137;143;137;0;0;0;177;130;156;107;105;99;105;99;0;0;0;104
19;25;Enero;2019;212;195;170;147;141;147;141;0;0;0;181;134;160;111;108;103;108;103;0;0;0;105
26;1;Enero;2019;214;197;172;150;144;150;144;0;0;0;184;136;162;113;111;105;111;105;0;0;0;106
2;8;Febrero;2019;214;197;172;150;144;150;144;0;0;0;185;137;164;114;112;106;112;106;0;0;0;106
9;15;Febrero;2019;215;199;173;151;145;151;145;0;0;0;186;138;165;117;115;109;115;109;0;0;0;107
16;22;Febrero;2019;216;200;175;152;146;152;146;0;0;0;187;139;166;120;117;112;117;112;0;0;0;104
23;1;Febrero;2019;218;202;176;153;148;153;148;0;0;0;188;140;167;122;119;114;119;114;0;0;0;105
2;8;Marzo;2019;222;206;179;156;151;156;151;0;0;0;191;142;169;124;122;116;122;116;0;0;0;107
9;15;Marzo;2019;225;209;181;159;153;159;153;0;0;0;196;143;170;124;122;116;122;116;0;0;0;107
16;22;Marzo;2019;231;215;181;159;153;159;153;0;0;0;198;143;170;122;121;115;121;115;0;0;0;107
23;29;Marzo;2019;235;220;180;158;152;158;152;0;0;0;196;143;170;122;119;113;119;113;0;0;0;105
30;5;Abril;2019;238;223;180;158;152;158;152;0;0;0;195;143;170;121;119;113;119;113;0;0;0;103
6;12;Abril;2019;239;225;180;158;152;158;152;0;0;0;193;143;170;122;121;115;121;145;0;0;0;103
13;19;Abril;2019;239;225;180;158;152;158;152;0;0;0;193;143;170;122;121;115;121;115;0;0;0;103
20;26;Abril;2019;239;225;180;158;152;158;152;0;0;0;193;143;170;122;121;115;121;115;0;0;0;103
27;3;Mayo;2019;243;229;183;161;155;161;155;0;0;0;196;146;173;124;122;117;122;117;0;0;0;104
4;10;Mayo;2019;245;231;185;163;157;163;157;0;0;0;198;147;175;127;125;119;125;119;0;0;0;104
11;17;Mayo;2019;241;227;184;162;156;162;156;0;0;0;198;146;173;125;123;117;123;117;0;0;0;102
18;24;Mayo;2019;238;224;184;162;156;162;156;0;0;0;197;145;172;123;121;115;121;115;0;0;0;101
25;31;Mayo;2019;237;223;184;162;156;162;156;0;0;0;198;149;176;122;119;113;119;113;0;0;0;100
1;7;Junio;2019;236;221;181;159;154;159;154;0;0;0;196;147;174;119;117;111;117;111;0;0;0;98
8;14;Junio;2019;228;214;174;152;146;152;146;0;0;0;188;140;166;113;111;105;111;105;0;0;0;94
15;21;Junio;2019;226;212;172;150;144;150;144;0;0;0;186;138;164;112;109;104;109;104;0;0;0;92
22;28;Junio;2019;224;210;171;149;143;149;143;0;0;0;185;137;163;110;108;102;108;102;0;0;0;91
29;5;Julio;2019;227;213;174;152;146;152;146;0;0;0;188;140;166;113;111;105;111;105;0;0;0;92
6;12;Julio;2019;227;213;174;152;146;152;146;0;0;0;188;140;166;113;111;105;111;105;0;0;0;92
13;19;Julio;2019;227;213;174;152;146;152;146;0;0;0;188;140;166;113;111;105;111;105;0;0;0;92
20;26;Julio;2019;227;213;174;152;146;152;146;0;0;0;188;140;166;113;111;105;111;105;0;0;0;92
27;2;Julio;2019;231;216;177;155;149;155;149;0;0;0;189;143;169;116;114;108;114;108;0;0;0;92
3;9;Agosto;2019;233;218;179;157;151;157;151;0;0;0;192;145;172;120;117;112;117;112;0;0;0;92
10;16;Agosto;2019;230;215;176;154;148;154;148;0;0;0;188;142;168;113;111;105;111;105;0;0;0;92
17;23;Agosto;2019;227;212;175;153;147;153;147;0;0;0;186;139;165;107;105;99;105;99;0;0;0;92
24;30;Agosto;2019;225;210;174;152;146;152;146;0;0;0;186;139;165;105;102;97;102;97;0;0;0;91
31;6;Septiembre;2019;225;210;174;152;146;152;146;0;0;0;186;139;165;105;102;97;102;97;0;0;0;92
7;13;Septiembre;2019;223;209;175;153;148;153;148;0;0;0;187;139;165;105;102;97;102;97;0;0;0;92
14;20;Septiembre;2019;224;210;177;156;150;156;150;0;0;0;189;141;167;107;105;99;105;99;0;0;0;93
21;27;Septiembre;2019;226;211;179;158;152;158;152;0;0;0;191;143;169;110;108;102;108;102;0;0;0;94
28;4;Septiembre;2019;229;215;185;162;157;162;157;0;0;0;196;147;174;110;107;102;107;102;0;0;0;95
5;11;Octubre;2019;227;212;181;159;154;159;154;0;0;0;194;145;171;106;104;98;104;98;0;0;0;95
12;18;Octubre;2019;226;211;181;159;153;159;15;0;0;0;193;144;171;110;108;102;108;102;0;0;0;96
19;25;Octubre;2019;228;214;182;160;154;160;154;0;0;0;194;145;171;104;102;96;102;96;0;0;0;97
26;1;Octubre;2019;228;214;183;162;156;162;156;0;0;0;195;146;172;97;95;89;95;89;0;0;0;98
2;8;Noviembre;2019;229;215;183;161;155;161;155;0;0;0;195;145;172;91;88;83;88;83;0;0;0;98
9;15;Noviembre;2019;230;216;181;159;153;159;153;0;0;0;194;144;171;97;94;89;94;89;0;0;0;99
16;22;Noviembre;2019;229;214;180;158;152;158;152;0;0;0;193;144;170;92;89;84;89;84;0;0;0;101
23;29;Noviembre;2019;228;213;178;156;150;156;150;0;0;0;191;141;167;84;82;76;82;76;0;0;0;102
30;6;Diciembre;2019;229;215;180;158;152;158;152;0;0;0;193;143;169;88;85;80;85;80;0;0;0;103
7;13;Diciembre;2019;227;212;181;158;153;158;153;0;0;0;193;144;170;89;87;81;87;81;0;0;0;103
14;20;Diciembre;2019;229;214;181;160;154;160;154;0;0;0;194;144;171;92;90;84;90;84;0;0;0;101
21;27;Diciembre;2019;229;214;181;160;154;160;154;0;0;0;194;144;171;92;90;84;90;84;0;0;0;101
28;3;Enero;2020;231;216;182;161;155;161;155;0;0;0;195;146;173;94;92;86;92;86;0;0;0;101
4;10;Enero;2020;233;218;183;165;159;165;159;0;0;0;197;152;179;100;98;92;98;92;0;0;0;97
11;17;Enero;2020;235;220;186;165;160;165;160;0;0;0;198;151;178;98;96;90;96;90;0;0;0;98
18;24;Enero;2020;234;218;182;162;157;162;157;0;0;0;195;147;173;95;93;87;93;93;0;0;0;97
25;31;Enero;2020;233;218;181;159;154;159;154;0;0;0;191;144;170;97;95;89;95;95;0;0;0;97
1;7;Febreo;2020;229;214;176;154;148;154;148;0;0;0;186;138;164;104;102;96;102;96;139;137;131;96
8;14;Febrero;2020;225;210;169;146;141;146;141;0;0;0;178;128;154;102;100;94;100;94;134;132;126;96
15;21;Febrero;2020;223;207;165;145;140;145;137;0;0;0;175;126;150;100;97;91;97;91;130;128;122;94
22;28;Febrero;2020;223;207;165;145;140;145;137;0;0;0;175;126;150;100;97;91;97;91;130;128;122;94
29;6;Marzo;2020;223;207;165;143;138;143;138;0;0;0;175;128;154;114;112;106;112;106;135;132;129;94
7;13;Marzo;2020;222;205;162;139;134;139;134;0;0;0;173;123;149;111;108;103;108;103;128;126;120;93
14;20;Marzo;2020;211;194;150;129;123;129;123;0;0;0;162;112;137;99;96;91;96;91;156;113;108;83
21;27;Marzo;2020;188;173;136;114;108;114;108;0;0;0;150;96;119;84;82;76;82;76;99;96;91;88
28;3;Abril;2020;177;162;130;107;102;107;102;0;0;0;144;88;111;78;75;70;75;70;89;86;81;84
4;10;Abril;2020;171;156;129;106;100;106;100;0;0;0;143;86;108;75;73;67;73;67;86;84;78;84
11;17;Abril;2020;170;156;126;103;98;103;98;0;0;0;142;85;107;80;78;72;78;72;92;89;84;86
18;24;Abril;2020;172;157;123;100;95;100;95;0;0;0;140;83;104;79;76;71;76;71;91;88;83;89
25;1;Mayo;2020;163;148;115;92;86;92;86;0;0;0;131;81;103;65;63;57;63;57;79;77;71;90
2;8;Mayo;2020;165;150;106;83;77;83;77;0;0;0;119;71;92;63;61;55;61;55;73;71;65;90
9;15;Mayo;2020;170;155;109;86;80;86;80;0;0;0;123;76;97;67;65;59;65;59;77;75;69;90
16;22;Mayo;2020;178;163;115;94;88;94;88;0;0;0;129;86;108;74;72;66;72;66;85;82;77;93
23;29;Mayo;2020;183;168;121;105;99;105;99;0;0;0;134;95;118;83;80;75;80;75;91;89;83;97
30;5;Junio;2020;187;172;127;110;104;110;104;0;0;0;139;98;120;87;84;79;84;79;95;93;87;99
6;12;Junio;2020;191;177;131;111;106;111;106;0;0;0;142;99;122;91;88;82;88;82;98;96;90;102
13;19;Junio;2020;198;184;136;118;113;118;113;0;0;0;148;108;131;97;95;89;95;89;103;101;95;105
20;26;Junio;2020;201;187;140;121;115;0;0;0;0;0;152;109;133;95;92;87;0;0;103;100;95;105
27;3;Junio;2020;204;192;145;128;122;0;0;0;0;0;157;114;137;99;97;91;0;0;108;105;99;106
4;10;Julio;2020;204;194;147;126;121;0;0;0;0;0;158;110;134;98;96;90;0;0;106;104;98;103
11;17;Julio;2020;208;199;153;130;125;0;0;0;0;0;163;114;138;105;102;97;0;0;113;110;105;105
18;24;Julio;2020;207;197;153;130;125;0;0;0;0;0;163;115;139;106;103;98;0;0;113;110;104;108
25;31;Julio;2020;205;195;149;127;121;0;0;0;0;0;164;116;140;101;99;93;0;0;110;107;102;110
1;7;Agosto;2020;206;195;150;127;122;127;122;0;0;0;165;118;142;101;99;93;99;93;110;108;102;111
8;14;Agosto;2020;204;193;149;126;121;126;121;0;0;0;164;117;141;102;100;94;100;94;112;110;104;111
15;21;Agosto;2020;207;196;151;128;123;128;123;0;0;0;163;118;142;106;103;98;103;98;116;114;108;112
22;28;Agosto;2020;207;196;151;128;123;128;123;0;0;0;163;118;142;106;103;98;103;98;116;114;108;112
29;4;Septiembre;2020;209;200;151;128;122;128;122;0;0;0;164;115;139;105;102;96;102;96;115;112;106;112
5;11;Septiembre;2020;209;201;148;127;121;127;121;0;0;0;162;113;137;103;100;95;100;95;113;110;105;112
12;18;Septiembre;2020;207;198;145;124;118;124;118;0;0;0;160;110;133;99;97;91;97;91;109;107;101;112
19;25;Septiembre;2020;204;196;143;121;116;121;116;0;0;0;157;107;130;97;94;89;94;89;107;104;99;111
26;2;Septiembre;2020;206;197;144;121;115;121;115;0;0;0;156;105;128;96;94;88;94;88;106;104;98;114
3;9;Octubre;2020;208;199;145;123;117;123;117;0;0;0;156;105;129;96;93;88;93;88;107;104;99;113
10;16;Octubre;2020;208;198;147;124;118;124;118;0;0;0;157;106;130;95;93;87;93;87;108;105;100;112
17;23;Octubre;2020;208;198;149;126;120;126;120;0;0;0;160;108;132;97;95;89;95;89;110;107;101;113
24;30;Octubre;2020;206;196;150;127;121;127;121;0;0;0;159;110;134;101;99;93;99;93;110;107;101;114
31;6;Noviembre;2020;203;193;149;126;120;126;120;0;0;0;158;108;132;100;98;92;98;92;110;107;101;114
7;13;Noviembre;2020;200;190;147;124;118;124;118;0;0;0;157;107;130;96;94;88;94;88;107;104;98;114
14;20;Noviembre;2020;202;193;150;129;123;129;123;0;0;0;160;111;135;99;97;91;97;91;112;109;103;116
21;27;Noviembre;2020;204;192;152;131;125;131;125;0;0;0;162;114;138;103;101;95;101;95;112;109;103;117
28;4;Noviembre;2020;206;194;156;134;128;134;129;0;0;0;167;117;141;106;103;98;103;98;116;114;108;116
5;11;Diciembre;2020;209;196;159;137;131;137;131;0;0;0;170;120;145;108;106;100;106;100;121;118;113;118
12;18;Diciembre;2020;212;199;162;140;135;140;135;0;0;0;174;124;149;108;106;100;106;100;122;120;114;119
19;25;Diciembre;2020;214;201;165;143;137;143;137;0;0;0;176;125;151;109;106;101;106;101;123;121;115;120
26;1;Diciembre;2020;217;204;168;147;141;147;141;0;0;0;179;128;153;111;109;103;109;103;126;123;117;123
2;8;Enero ;2021;217;204;168;147;142;147;142;0;0;0;180;128;154;112;110;104;110;104;126;123;118;123
9;15;Enero ;2021;220;207;168;146;139;146;139;0;0;0;180;1258;153;114;112;106;112;106;128;125;120;126
16;22;Enero ;2021;223;210;169;147;141;147;141;0;0;0;182;130;155;115;113;107;113;107;0;129;127;128
23;29;Enero ;2021;227;213;171;148;143;148;143;0;0;0;185;132;158;117;114;109;114;109;131;129;123;128
30;5;Febrero ;2021;229;215;171;149;143;149;143;0;0;0;186;132;158;117;115;109;115;109;133;130;125;128
6;12;Febrero ;2021;229;215;171;149;143;149;143;0;0;0;186;132;158;117;115;109;115;109;133;130;125;128
13;19;Febrero;2021;233;219;175;156;150;156;150;0;0;0;190;136;162;123;121;115;121;115;140;138;132;128
20;26;Febrero ;2021;233;219;175;156;150;156;150;0;0;0;190;136;162;123;121;115;121;115;140;138;132;128
27;5;Marzo;2021;242;229;182;161;155;161;155;0;0;0;198;143;169;125;123;117;123;117;143;140;135;128
6;12;Marzo;2021;242;229;182;161;155;161;155;0;0;0;198;143;169;125;123;117;123;117;143;140;135;128
13;19;Marzo;2021;242;229;182;161;155;161;155;0;0;0;198;143;169;125;123;117;123;117;143;140;135;128
20;26;Marzo;2021;242;229;182;161;155;161;155;0;0;0;198;143;169;125;123;117;123;117;143;140;135;128
27;2;Marzo;2021;242;229;182;161;155;161;155;0;0;0;198;143;169;125;123;117;123;117;143;140;135;128
3;9;Abril;2021;242;229;182;161;155;161;155;0;0;0;198;143;169;125;123;117;123;117;143;140;135;128
10;16;Abril;2021;242;229;182;161;155;161;155;0;0;0;198;143;169;125;123;117;123;117;143;140;135;128
17;23;Abril;2021;245;232;181;160;155;160;155;0;0;0;198;143;169;125;123;117;123;117;143;140;135;128
24;30;Abril;2021;248;234;181;160;155;160;155;0;0;0;198;143;169;125;123;117;123;117;143;140;135;128
1;7;Mayo;2021;250;237;183;161;155;161;155;0;0;0;200;147;174;129;126;121;126;121;143;141;135;128
8;14;Mayo;2021;252;239;185;164;159;164;159;0;0;0;202;150;177;131;129;123;129;123;147;145;139;128
15;21;Mayo;2021;252;239;185;164;159;164;159;0;0;0;202;150;177;131;129;123;129;123;147;145;139;127
22;28;Mayo;2021;252;239;185;164;159;164;159;0;0;0;202;150;177;131;129;123;129;123;147;145;139;127
29;4;Junio ;2021;252;239;185;164;159;164;159;0;0;0;202;150;177;129;123;147;145;139;127;0;0;0
5;11;Junio ;2021;252;239;185;164;159;164;159;0;0;0;202;150;177;129;123;147;145;139;127;0;0;0
12;18;Junio ;2021;252;239;185;164;159;164;159;0;0;0;202;150;177;129;123;147;145;139;127;0;0;0
19;25;Junio ;2021;252;239;185;164;159;164;159;0;0;0;202;150;177;129;123;147;145;139;127;0;0;0
26;2;Junio ;2021;252;239;185;164;159;164;159;0;0;0;202;150;177;129;123;147;145;139;127;0;0;0
3;9;Julio;2021;252;239;185;164;159;164;159;0;0;0;202;155;177;131;129;123;129;123;147;145;139;127
10;16;Julio;2021;256;239;185;167;162;167;162;0;0;0;206;160;182;135;133;127;133;127;151;149;143;127
17;23;Julio;2021;256;239;185;167;162;167;162;0;0;0;206;160;182;135;133;127;133;127;151;149;143;127
24;30;Julio;2021;256;239;185;167;162;167;162;0;0;0;206;160;182;135;133;127;133;127;151;149;143;127
31;6;Agosto;2021;260;239;185;167;162;167;162;0;0;0;210;162;186;137;134;129;134;129;154;151;146;127
7;13;Agosto;2021;262;243;189;170;164;170;164;0;0;0;212;162;186;137;134;129;134;129;154;151;146;127
14;20;Agosto;2021;262;243;189;170;164;170;164;0;0;0;212;162;186;137;134;129;134;129;154;151;146;127
21;27;Agosto;2021;262;243;189;170;164;170;164;0;0;0;212;162;186;137;134;129;134;129;154;151;146;127
28;3;Septiembre;2021;262;243;189;170;164;170;164;0;0;0;212;162;186;137;134;129;134;129;154;151;146;127
4;10;Septiembre;2021;262;243;189;170;164;170;164;0;0;0;212;162;186;137;134;129;134;129;154;151;146;127
11;17;Septiembre;2021;262;243;189;170;164;170;164;0;0;0;212;162;186;137;134;129;134;129;154;151;146;127
18;24;Septiembre;2021;262;243;189;170;164;170;164;0;0;0;212;162;186;137;134;129;134;129;154;151;146;127
25;1;Septiembre;2021;262;243;189;170;164;170;164;0;0;0;212;162;186;137;134;129;134;129;154;151;146;129
2;8;Octubre;2021;262;243;189;170;164;170;164;0;0;0;212;162;186;137;134;129;134;129;154;151;146;129
9;15;Octubre;2021;266;247;189;170;164;170;164;0;0;0;212;173;201;152;150;144;150;144;168;165;160;134
16;22;Octubre;2021;266;250;189;170;164;170;164;0;0;0;212;178;207;154;151;146;151;146;170;168;162;134
23;29;Octubre;2021;270;253;192;173;167;173;167;0;0;0;216;181;210;154;151;146;151;146;172;170;164;134
30;5;Noviembre;2021;273;253;192;173;167;173;167;0;0;0;219;181;210;154;151;146;172;146;172;170;164;134
6;12;Noviembre;2021;273;253;192;173;167;173;167;0;0;0;219;181;210;154;151;146;172;146;172;170;164;134
13;19;Noviembre;2021;273;256;196;177;172;177;172;0;0;0;219;181;210;154;151;146;172;146;172;170;164;139
20;26;Noviembre;2021;273;256;199;180;174;180;174;0;0;0;221;181;210;154;151;146;172;146;172;170;164;139
27;3;Noviembre;2021;273;256;199;180;174;180;174;0;0;0;221;181;210;154;151;146;172;146;172;170;164;139
4;10;Diciembre;2021;270;256;201;180;174;180;174;0;0;0;219;181;210;154;151;146;151;146;172;170;164;141
11;17;Diciembre;2021;270;256;201;180;174;180;174;0;0;0;219;181;210;154;151;146;151;146;172;170;164;141
18;24;Diciembre;2021;270;256;201;180;174;180;174;0;0;0;219;181;210;154;151;146;151;146;172;170;164;141
25;31;Diciembre;2021;270;256;201;180;174;180;174;0;0;0;219;181;210;154;151;146;151;146;172;170;164;141
1;7;Enero;2022;270;255;201;180;174;180;174;0;0;0;219;181;210;154;151;146;151;146;172;170;164;141
8;14;Enero;2022;274;259;205;183;178;183;178;0;0;0;223;181;210;154;151;146;151;146;172;170;164;143
15;21;Enero;2022;279;262;209;187;182;187;182;0;0;0;228;186;215;154;151;146;151;146;172;170;164;145
22;28;Enero;2022;284;267;213;196;191;196;191;0;0;0;233;194;224;159;157;151;157;151;176;174;168;147
29;4;Enero;2022;284;267;213;196;191;196;191;0;0;0;233;194;224;159;157;151;157;151;176;174;168;147
5;11;Febrero;2022;284;267;213;196;191;196;191;0;0;0;233;194;224;159;157;151;157;151;176;174;168;147
12;18;Febrero;2022;284;267;213;196;191;196;191;0;0;0;233;194;224;159;157;151;157;151;176;174;168;147
19;25;Febrero;2022;288;271;218;201;196;201;196;0;0;0;236;199;228;163;161;155;161;155;180;178;172;148
26;4;Febrero;2022;288;271;218;201;196;201;196;0;0;0;236;199;228;163;161;155;161;155;180;178;172;148
5;11;Marzo;2022;288;271;218;201;196;201;196;0;0;0;236;199;228;163;161;155;161;155;180;178;172;148
12;18;Marzo;2022;288;271;218;201;196;201;196;0;0;0;236;199;228;163;161;155;161;155;180;178;172;148
19;25;Marzo;2022;294;275;222;205;200;205;200;0;0;0;241;210;238;165;163;157;163;157;187;185;179;148
26;1;Marzo;2022;294;275;222;291;285;291;285;0;0;0;241;250;285;192;190;184;190;184;212;209;204;148
2;8;Abril;2022;294;275;222;291;285;291;285;0;0;0;241;250;285;192;190;184;190;184;212;209;204;148
9;15;Abril;2022;294;275;222;291;285;291;285;0;0;0;241;250;285;192;190;184;190;184;212;209;204;148
16;22;Abril;2022;294;275;222;291;285;291;285;0;0;0;241;264;301;192;190;184;190;184;212;209;204;148
23;29;Abril;2022;294;275;222;291;285;291;285;0;0;0;241;264;301;192;190;184;190;184;212;209;204;148
30;6;Abril;2022;294;275;222;291;285;291;285;0;0;0;241;264;301;192;190;184;190;184;212;209;204;148
7;13;Mayo;2022;294;275;222;291;285;291;285;0;0;0;241;277;313;192;190;184;190;184;212;209;204;148
14;20;Mayo;2022;294;275;222;297;291;297;291;0;0;0;241;277;315;192;190;184;190;184;212;209;204;148
21;27;Mayo;2022;294;275;222;319;313;319;313;0;0;0;241;299;338;192;190;184;190;184;212;209;204;148
28;3;Mayo;2022;294;275;222;319;313;319;313;0;0;0;241;299;338;192;190;184;190;184;212;209;204;148
4;10;Junio;2022;294;275;222;319;313;319;313;0;0;0;241;299;338;192;190;184;190;184;212;209;204;148
11;17;Junio;2022;294;275;222;319;313;319;313;0;0;0;241;299;338;192;190;184;190;184;212;209;204;148
18;24;Junio;2022;294;275;222;319;313;319;313;0;0;0;241;299;338;192;190;184;190;184;212;209;204;148
25;1;Junio;2022;294;275;222;319;313;319;313;0;0;0;241;299;338;192;190;184;190;184;212;209;204;148
2;8;Julio;2022;294;275;222;319;313;319;313;0;0;0;241;299;338;192;190;184;190;184;212;209;204;148
9;15;Julio;2022;294;275;222;319;313;319;313;0;0;0;241;299;338;192;190;184;190;184;212;209;204;148
16;22;Julio;2022;294;275;222;319;313;319;313;0;0;0;241;299;338;192;190;184;190;184;212;209;204;148
23;29;Julio;2022;294;275;222;319;313;319;313;0;0;0;241;299;338;192;190;184;190;184;212;209;204;148
30;5;Julio;2022;294;275;222;319;313;319;313;0;0;0;241;299;338;192;190;184;190;184;212;209;204;148
6;12;Agosto;2022;294;275;222;319;313;319;313;0;0;0;241;299;338;192;190;184;190;184;212;209;204;148
13;19;Agosto;2022;294;275;222;319;313;319;313;0;0;0;241;299;338;192;190;184;190;184;212;209;204;148
20;26;Agosto ;2022;294;275;222;319;313;319;313;0;0;0;241;299;338;192;190;184;190;184;212;209;204;148
27;2;Agosto ;2022;294;275;222;319;313;319;313;0;0;0;241;299;338;192;190;184;190;184;212;209;204;148
3;9;Septiembre;2022;294;275;222;319;313;319;313;0;0;0;241;299;338;192;190;184;190;184;212;209;204;148
10;16;Septiembre;2022;294;275;222;319;313;319;313;0;0;0;241;299;338;192;190;184;190;184;212;209;204;148
17;23;Septiembre;2022;294;275;222;319;313;319;313;0;0;0;241;299;338;192;190;184;190;184;212;209;204;148
24;30;Septiembre;2022;294;275;222;319;313;319;313;0;0;0;241;299;338;192;190;184;190;184;212;209;204;148
1;7;Octubre;2022;294;275;222;319;313;319;313;0;0;0;241;299;338;192;190;184;190;184;212;209;204;148
8;14;Octubre;2022;294;275;222;319;313;319;313;0;0;0;241;299;338;192;190;184;190;184;212;209;204;148
15;21;Octubre;2022;294;275;222;319;313;319;313;0;0;0;241;299;338;192;190;184;190;184;212;209;204;148
22;28;Octubre;2022;294;275;222;319;313;319;313;0;0;0;241;274;338;192;190;184;190;184;212;209;204;148
29;4;Octubre;2022;294;275;222;319;313;319;313;0;0;0;241;274;338;192;190;184;190;184;212;209;204;148
5;11;Noviembre;2022;294;275;222;319;313;319;313;0;0;0;241;274;338;192;190;184;190;184;212;209;204;148
12;18;Noviembre;2022;294;275;222;319;313;319;313;0;0;0;241;274;338;192;190;184;190;184;212;209;204;148
19;25;Noviembre;2022;294;275;222;319;313;319;313;0;0;0;241;274;338;192;190;184;190;184;212;209;204;148
26;2;Noviembre;2022;294;275;222;319;313;319;313;0;0;0;241;274;338;192;190;184;190;184;212;209;204;148
3;9;Diciembre;2022;294;275;222;319;313;319;313;0;0;0;241;269;338;192;190;184;190;184;212;209;204;148
10;16;Diciembre;2022;294;275;222;319;313;319;313;0;0;0;241;269;338;192;190;184;190;184;212;209;204;148
17;23;Diciembre;2022;294;275;222;319;313;319;313;0;0;0;241;269;338;192;190;184;190;184;212;209;204;148
24;30;Diciembre;2022;294;275;222;319;313;319;313;0;0;0;241;257;338;192;190;184;190;184;212;209;204;148
31;6;Diciembre;2022;294;275;222;319;313;319;313;0;0;0;241;252;338;192;190;184;190;184;212;209;204;148
7;13;Enero;2023;294;275;222;319;313;319;313;0;0;0;241;217;338;192;190;184;190;184;212;209;204;148
14;20;Enero;2023;294;275;222;319;313;319;313;0;0;0;241;217;338;192;190;184;190;184;212;209;204;148
21;27;Enero;2023;294;275;222;319;313;319;313;0;0;0;241;221;338;192;190;184;190;184;212;209;204;148
28;3;Enero;2023;294;275;222;319;313;319;313;0;0;0;241;255;338;192;190;184;190;184;212;209;204;148
4;10;Enero ;2023;294;275;222;319;313;319;313;0;0;0;241;265;338;192;190;184;190;184;212;209;204;148
11;17;Febrero;2023;294;275;222;319;313;319;313;0;0;0;241;274;338;192;190;184;190;184;212;209;204;148
18;24;Febrero;2023;294;275;222;319;313;319;313;0;0;0;241;294;338;192;190;184;190;184;212;209;204;148
25;3;Febrero;2023;294;275;222;319;313;319;313;0;0;0;241;279;338;192;190;184;190;184;212;209;204;148
4;10;Marzo;2023;294;275;222;319;313;319;313;0;0;0;241;251;338;192;190;184;190;184;212;209;204;148
11;17;Marzo;2023;294;275;222;319;313;319;313;0;0;0;241;218;338;192;190;184;190;184;212;209;204;148
18;24;Marzo;2023;294;275;222;319;313;319;313;0;0;0;241;217;338;190;190;184;190;184;212;209;204;148
25;31;Marzo;2023;294;275;222;319;313;319;313;0;0;0;241;211;338;190;190;184;190;184;212;209;204;148
1;7;Abril;2023;294;275;222;319;313;319;313;0;0;0;241;241;338;192;190;184;190;184;212;209;204;148
8;14;Abril;2023;294;275;222;319;313;319;313;0;0;0;241;237;338;192;190;184;190;184;212;209;204;148
15;21;Abril;2023;294;275;222;319;313;319;313;0;0;0;241;219;338;192;190;184;190;184;212;209;204;148
22;28;Abril;2023;294;275;222;319;313;319;313;0;0;0;241;223;338;192;190;184;190;184;212;209;204;148
29;5;Abril;2023;294;275;222;319;313;319;313;0;0;0;241;198;338;192;190;184;190;184;212;209;204;148
6;12;Mayo;2023;294;275;222;319;313;319;313;0;0;0;241;198;338;192;190;184;190;184;212;209;204;148
13;19;Mayo;2023;294;275;222;319;313;319;313;0;0;0;241;198;338;192;190;184;190;184;212;209;204;148
20;26;Mayo;2023;294;275;222;319;313;319;313;0;0;0;241;187;338;192;190;184;190;184;212;209;204;148
27;2;Mayo;2023;294;275;222;319;313;319;313;0;0;0;241;177;338;192;190;184;190;184;212;209;204;148
3;9;Junio;2023;294;275;222;319;313;319;313;0;0;0;241;171;338;192;190;184;190;184;212;209;204;145
10;16;Junio;2023;292;273;222;306;300;306;300;0;0;0;239;174;325;187;184;179;184;179;206;204;198;142
17;23;Junio;2023;292;274;222;294;288;294;288;0;0;0;239;175;313;182;179;174;179;174;201;199;193;140
24;30;Junio;2023;292;274;222;282;276;282;276;0;0;0;239;175;301;177;174;169;174;169;196;194;188;138
1;7;Julio;2023;292;274;221;272;266;272;266;0;0;0;237;172;291;172;169;164;169;164;191;189;183;138
8;14;Julio;2023;292;274;221;264;258;264;258;0;0;0;237;178;283;167;164;159;164;159;186;183;178;136
15;21;Julio;2023;292;274;221;256;250;256;250;0;0;0;237;176;275;162;159;154;159;154;181;179;173;134
22;28;Julio;2023;292;274;221;248;242;248;242;0;0;0;237;181;267;157;154;149;154;149;176;174;168;134
29;4;Julio;2023;292;274;221;244;238;244;238;0;0;0;237;176;263;154;151;146;151;146;173;171;165;133
5;11;Agosto;2023;292;274;221;239;233;239;233;0;0;0;237;179;258;154;151;146;151;146;173;171;165;133
12;18;Agosto;2023;292;274;221;234;228;234;228;0;0;0;237;187;253;154;151;146;151;146;173;171;165;133
19;25;Agosto;2023;292;274;221;229;223;229;223;0;0;0;237;190;248;154;151;146;151;146;173;171;165;133
26;1;Agosto;2023;293;275;222;229;223;229;223;0;0;0;239;201;248;154;151;146;151;146;173;171;165;133
2;8;Septiembre;2023;293;275;222;229;223;229;223;0;0;0;240;216;248;154;151;146;151;146;173;171;165;133
9;15;Septiembre;2023;293;275;222;229;223;229;223;0;0;0;240;224;248;154;151;146;151;146;173;171;165;133
16;22;Septiembre;2023;293;275;222;240;234;240;234;0;0;0;239;225;257;174;172;166;172;166;187;184;179;133
23;29;Septiembre;2023;293;275;222;243;237;243;237;0;0;0;239;230;263;171;168;163;168;163;181;178;173;133
30;6;Septiembre;2023;293;275;222;248;242;248;242;0;0;0;239;230;263;169;167;161;167;161;180;177;172;133
7;13;Octubre;2023;293;275;222;246;240;246;240;0;0;0;239;225;257;175;172;167;172;167;186;184;178;133
14;20;Octubre;2023;293;275;222;258;253;258;253;0;0;0;239;234;267;174;171;166;171;166;186;184;178;133
21;27;Octubre;2023;293;275;222;261;255;261;255;0;0;0;239;234;267;175;173;167;173;167;188;186;180;133
28;3;Octubre;2023;293;275;222;253;248;253;248;0;0;0;239;230;262;175;173;167;173;167;187;184;179;133
4;10;Noviembre;2023;293;275;222;250;244;250;244;0;0;0;239;226;258;166;164;158;164;158;180;178;172;133
11;17;Noviembre;2023;293;275;222;233;227;233;227;0;0;0;239;214;245;161;159;153;159;153;174;171;166;133
18;24;Noviembre;2023;293;275;222;246;240;246;240;0;0;0;239;220;251;164;162;156;162;156;178;176;170;133
25;1;Noviembre;2023;293;275;222;242;236;242;236;0;0;0;239;216;248;163;161;155;161;155;179;176;170;133
2;8;Diciembre;2023;293;275;222;236;231;236;231;0;0;0;239;218;250;156;153;147;153;147;174;171;166;133
9;15;Diciembre;2023;293;275;222;231;225;231;225;0;0;0;239;218;249;155;152;147;153;147;174;171;166;133
16;22;Diciembre;2023;293;275;222;220;214;220;214;0;0;0;239;213;244;157;154;149;154;149;171;168;163;133
23;29;Diciembre;2023;293;275;222;216;210;216;210;0;0;0;239;201;231;155;153;147;153;147;168;166;160;133
30;5;Diciembre;2023;293;275;222;216;210;216;210;0;0;0;239;201;232;157;155;149;155;149;170;167;162;133
9;15;Diciembre;2023;293;275;222;205;199;205;199;0;0;0;239;189;219;158;155;149;155;149;169;167;161;133
16;22;Diciembre;2023;290;273;222;201;195;201;195;0;0;0;239;181;210;156;154;148;154;148;169;167;161;132
23;29;Diciembre;2023;290;273;222;213;208;213;208;0;0;0;239;194;224;160;157;152;157;152;174;171;166;133
30;5;Enero ;2024;290;273;222;213;208;213;208;0;0;0;239;195;225;160;157;152;157;152;174;171;165;133
6;12;Enero ;2024;290;273;222;209;204;209;204;0;0;0;239;190;220;158;156;150;156;150;172;169;164;133
13;19;Enero ;2024;290;273;222;216;210;216;210;0;0;0;239;199;230;156;153;147;153;147;170;168;162;133
20;26;Enero ;2024;290;273;222;216;210;216;210;0;0;0;239;204;230;156;153;147;153;147;170;168;162;133
27;2;Enero ;2024;290;273;222;223;217;223;217;0;0;0;239;204;235;147;144;138;144;138;169;167;161;133
3;9;Febrero;2024;290;273;222;235;229;235;229;0;0;0;239;219;251;153;150;145;150;145;174;172;166;133
10;16;Febrero;2024;290;273;222;232;226;232;226;0;0;0;239;214;246;148;145;140;145;140;164;161;156;133
17;23;Febrero;2024;290;273;222;244;238;244;238;0;0;0;239;223;256;152;149;143;149;143;169;166;161;133
24;1;Febrero;2024;290;273;222;234;228;234;228;0;0;0;239;215;247;152;150;144;150;144;171;168;162;133
2;8;Marzo;2024;290;273;222;232;226;232;232;0;0;0;239;212;244;155;152;147;152;147;174;171;166;133
9;15;Marzo;2024;290;273;222;230;224;230;224;0;0;0;239;210;242;157;155;149;155;149;174;172;166;133
16;22;Marzo;2024;290;273;222;230;224;230;224;0;0;0;239;213;245;159;157;151;157;151;176;174;168;133
23;29;Marzo;2024;290;273;222;234;229;234;229;0;0;0;239;217;249;166;164;158;164;158;183;180;174;133
30;5;Abril;2024;290;273;222;230;224;230;224;0;0;0;239;212;243;163;161;155;161;155;181;179;173;133
6;12;Abril;2024;290;273;222;231;226;231;226;0;0;0;239;216;248;163;161;155;161;155;183;180;175;133
13;19;Abril;2024;290;273;222;237;231;237;231;0;0;0;239;222;254;166;163;157;163;157;186;183;178;133
20;26;Abril ;2024;290;273;222;231;226;231;226;0;0;0;239;217;249;166;163;158;163;158;186;183;177;133
27;3;Abril;2024;290;273;222;224;219;224;219;0;0;0;239;208;239;165;163;157;163;157;183;181;175;133
4;10;Mayo;2024;290;273;222;220;215;220;215;0;0;0;239;203;234;170;168;162;168;162;185;182;177;133
11;17;Mayo;2024;290;273;222;214;208;214;208;0;0;0;239;197;227;163;161;155;155;155;177;175;169;133
18;24;Mayo;2024;290;273;222;214;208;214;208;0;0;0;239;195;225;161;159;153;153;153;177;174;169;133
25;31;Mayo;2024;290;273;222;216;210;216;210;0;0;0;239;200;230;162;159;154;154;154;177;175;169;133
1;7;Junio;2024;290;273;222;214;209;214;209;0;0;0;239;199;229;164;162;156;162;156;179;176;171;133
8;14;Junio;2024;290;273;222;207;202;207;202;0;0;0;239;192;222;160;158;152;158;152;175;172;167;133
15;21;Junio;2024;290;273;222;213;207;213;207;0;0;0;239;198;228;161;159;153;159;153;177;175;169;133
22;28;Junio;2024;290;273;222;218;213;218;213;0;0;0;239;203;234;164;162;156;162;156;181;178;172;133
29;5;Julio;2024;290;273;222;221;215;221;215;0;0;0;239;206;236;166;163;157;163;157;184;181;176;133
6;12;Julio;2024;290;273;222;224;219;225;219;0;0;0;239;210;241;169;166;161;166;161;188;185;179;133
13;19;Julio;2024;290;273;222;223;217;223;217;0;0;0;239;209;240;171;168;162;168;162;188;186;180;133
20;26;Julio;2024;290;273;222;218;212;218;212;0;0;0;239;204;234;167;165;159;165;159;185;183;177;133
3;9;Agosto;2024;290;273;222;212;206;212;206;0;0;0;239;197;226;162;159;153;159;153;179;177;171;133
10;16;Agosto;2024;290;273;222;207;201;207;201;0;0;0;239;191;220;159;156;151;156;151;176;173;168;133
17;23;Agosto;2024;290;273;222;210;204;210;204;0;0;0;239;192;222;161;159;153;159;153;177;174;169;133
24;30;Agosto;2024;290;273;222;207;201;207;201;0;0;0;239;188;217;157;155;149;155;149;172;169;164;133
31;6;Septiembre ;2024;290;273;222;206;200;206;200;0;0;0;239;188;217;157;154;154;149;154;149;172;169;164
7;13;Septiembre ;2024;290;273;222;201;200;201;200;0;0;0;239;186;215;153;150;144;150;144;169;167;161;133
14;20;Septiembre ;2024;290;273;222;193;188;193;188;0;0;0;239;178;206;145;143;137;143;137;163;160;155;133
21;27;Septiembre;2024;290;273;222;193;188;193;188;0;0;0;239;177;205;151;148;143;148;143;167;164;159;133
28;4;octubre;2024;290;272;221;196;190;196;190;0;0;0;239;184;212;156;153;147;153;147;169;167;167;132
5;11;Octubre;2024;290;272;221;195;189;195;189;0;0;0;239;183;211;157;154;149;154;149;171;168;163;132
12;18;Octubre;2024;290;272;221;205;199;205;199;0;0;0;239;192;221;168;166;160;166;160;182;179;174;132
19;25;Octubre;2024;290;272;221;201;196;201;196;0;0;0;239;190;219;166;163;157;163;157;178;176;170;132
26;1;Noviembre;2024;290;272;221;196;191;196;191;0;0;0;239;185;213;163;160;155;160;155;173;171;165;132
2;8;Noviembre;2024;290;272;221;195;189;195;189;0;0;0;239;185;214;158;156;150;156;150;168;165;159;132
9;15;Noviembre;2024;290;272;221;200;194;200;194;0;0;0;239;191;221;156;153;148;153;148;171;169;163;132
16;22;Noviembre;2024;290;272;221;198;192;198;192;0;0;0;239;188;218;155;153;147;153;147;169;166;161;132
23;29;Noviembre;2024;290;272;221;198;192;198;192;0;0;0;239;188;218;153;150;145;150;145;167;165;159;132
30;6;Diciembre;2024;290;272;221;202;196;202;196;0;0;0;239;191;221;156;153;148;153;148;168;165;160;132
7;13;Diciembre;2024;290;272;221;198;193;198;193;0;0;0;239;189;219;156;153;148;153;148;169;166;160;132
14;20;Diciembre;2024;290;272;221;196;190;196;190;0;0;0;239;190;219;156;154;148;154;148;171;168;163;132
21;27;Diciembre;2024;290;272;221;203;197;203;197;0;0;0;239;195;226;159;157;151;157;151;173;170;165;132
28;3;Diciembre;2024;290;272;221;202;197;202;197;0;0;0;239;195;226;159;156;151;156;151;172;169;163;132
4;10;Enero;2025;290;272;221;202;196;202;196;0;0;0;239;197;227;159;157;151;157;151;157;173;170;132
11;17;Enero;2025;290;272;221;208;203;208;203;0;0;0;239;205;236;161;158;153;158;153;177;175;169;132
18;24;Enero;2025;290;272;221;218;212;218;212;0;0;0;239;209;241;167;165;159;165;159;183;180;175;132
25;31;Enero;2025;290;272;221;223;217;223;217;0;0;0;239;214;245;169;166;161;166;161;183;181;175;132
1;7;Febrero;2025;290;272;221;212;207;0;0;0;0;0;239;204;235;164;161;155;0;0;178;175;170;132
8;14;Febrero;2025;290;272;221;213;207;0;0;0;0;0;239;207;237;162;160;154;0;0;174;172;166;132
15;21;Febrero;2025;290;272;221;216;210;0;0;0;0;0;239;206;237;165;163;157;0;0;175;172;167;132
22;28;Febrero;2025;290;272;221;214;209;0;0;0;0;0;239;204;235;163;161;155;0;0;174;172;166;132
1;7;Marzo;2025;290;272;221;210;204;0;0;0;0;0;239;199;230;163;160;154;0;0;174;171;166;132
8;14;Marzo;2025;290;272;221;204;198;0;0;0;0;0;239;195;225;158;156;150;0;0;169;166;161;132
15;21;Marzo;2025;290;272;221;199;193;0;0;0;0;0;239;191;220;155;152;146;0;0;165;163;157;132
22;28;Marzo;2025;290;272;221;199;193;0;0;0;0;0;239;192;221;157;154;149;0;0;167;165;159;132
29;4;Abril;2025;290;272;221;205;199;0;0;0;0;0;239;197;228;161;158;153;0;0;172;170;164;132
5;11;Abril;2025;290;272;221;207;202;0;0;0;0;0;239;203;233;165;163;157;0;0;176;173;167;132
12;18;Abril;2025;290;272;221;192;186;0;0;0;0;0;239;188;217;150;148;142;0;0;160;157;152;132
19;25;Abril;2025;290;272;221;185;179;0;0;0;0;0;239;181;209;146;143;138;0;0;155;152;147;132
26;2;Abril;2025;290;272;221;185;179;0;0;0;0;0;239;179;208;146;144;138;0;0;156;153;147;132
3;9;Mayo;2025;290;272;221;181;175;0;0;0;0;0;239;177;206;144;141;135;0;0;151;149;143;132
10;16;Mayo;2025;290;272;221;174;169;0;0;0;0;0;239;169;197;137;134;129;0;0;146;144;138;132
17;23;Mayo;2025;290;272;221;183;177;0;0;0;0;0;239;176;205;143;141;135;0;0;152;150;144;132
24;30;Mayo;2025;290;272;221;184;178;0;0;0;0;0;239;177;205;145;143;137;0;0;153;151;145;132
31;6;Junio;2025;290;272;221;182;177;0;0;0;0;0;239;174;203;143;141;135;0;0;151;149;143;132
7;13;Junio;2025;290;272;221;181;176;0;0;0;0;0;239;171;199;142;139;134;0;0;151;149;143;132
14;20;Junio;2025;290;272;221;187;182;0;0;0;0;0;239;176;205;145;143;137;0;0;156;153;147;132
21;27;Junio;2025;290;272;221;203;198;0;0;0;0;0;239;191;221;157;154;148;0;0;167;164;159;132
28;4;Julio;2025;290;272;224;204;197;0;0;0;0;0;242;192;222;156;153;147;0;0;167;165;158;137
5;11;Julio;2025;290;272;224;201;194;0;0;0;0;0;242;186;217;151;148;141;0;0;162;159;153;137
12;18;Julio;2025;290;272;224;208;201;0;0;0;0;0;242;191;222;156;154;147;0;0;167;165;158;137
19;25;Julio;2025;290;272;224;207;200;0;0;0;0;0;242;193;224;158;156;149;0;0;170;167;161;137
26;1;Agosto;2025;290;272;224;211;204;0;0;0;0;0;242;195;227;160;157;151;0;0;170;168;161;137
2;8;Agosto;2025;290;272;224;208;202;0;0;0;0;0;242;193;224;163;160;153;0;0;174;171;165;137
9;15;Agosto;2025;290;272;224;201;195;0;0;0;0;0;242;187;218;159;156;149;0;0;170;168;161;137
16;22;Agosto;2025;290;272;224;200;193;0;0;0;0;0;242;186;217;152;150;143;0;0;165;162;156;137
23;29;Agosto;2025;290;272;224;200;194;0;0;0;0;0;242;187;217;150;147;141;0;0;165;162;156;137
30;5;Septiembre;2025;290;272;224;205;199;0;0;0;0;0;242;194;225;154;152;145;0;0;171;168;161;137
6;12;Septiembre;2025;290;272;224;208;202;0;0;0;0;0;242;196;227;158;153;147;0;0;172;170;163;137
13;19;Septiembre;2025;290;272;224;211;204;0;0;0;0;0;242;198;229;156;153;147;0;0;172;170;163;137
20;26;Septiembre;2025;290;272;224;209;202;0;0;0;0;0;242;198;229;156;154;147;0;0;171;168;162;137
27;3;octubre;2025;290;272;224;207;200;0;0;0;0;0;242;196;227;156;153;147;0;0;167;165;158;137
4;10;octubre;2025;290;272;224;212;205;0;0;0;0;0;242;203;235;160;157;150;0;0;171;168;161;137
11;17;octubre;2025;290;272;224;204;198;0;0;0;0;0;242;199;231;159;157;150;0;0;171;168;162;137
18;24;octubre;2025;290;272;224;202;196;0;0;0;0;0;242;199;230;157;155;148;0;0;168;165;159;137
25;31;octubre;2025;290;272;224;200;193;0;0;0;0;0;242;196;227;151;148;142;0;0;163;161;154;137
1;7;Noviembre;2025;290;272;224;216;210;0;0;0;0;0;242;211;245;154;154;147;0;0;169;167;160;137
8;14;Noviembre;2025;290;272;224;219;212;0;0;0;0;0;242;212;245;156;154;147;0;0;169;167;160;137
15;21;Noviembre;2025;290;272;224;224;218;0;0;0;0;0;242;212;245;153;150;143;0;0;169;166;159;137
22;28;Noviembre;2025;290;272;224;226;220;0;0;0;0;0;242;212;245;150;147;141;0;0;166;164;157;137
29;5;Diciembre;2025;290;272;224;212;206;0;0;0;0;0;242;202;234;144;142;135;0;0;161;159;152;137
6;12;Diciembre;2025;290;272;224;206;199;0;0;0;0;0;242;197;229;144;142;135;0;0;161;158;152;137
13;19;Diciembre;2025;290;272;244;206;200;0;0;0;0;0;242;197;229;142;140;133;0;0;161;158;152;137
20;26;Diciembre;2025;290;272;224;196;189;0;0;0;0;0;242;186;217;137;135;128;0;0;155;152;145;137
27;2;Enero;2026;290;272;224;194;188;0;0;0;0;0;242;186;217;137;134;128;0;0;154;152;145;137
3;9;Enero;2026;290;272;221;195;188;0;0;0;0;0;242;187;219;138;135;128;0;0;155;153;146;137
10;16;Enero;2026;290;272;221;191;185;0;0;0;0;0;242;185;216;138;136;129;0;0;155;153;146;137
17;23;Enero;2026;290;272;221;198;191;0;0;0;0;0;242;194;226;139;137;130;0;0;159;156;150;137
24;30;Enero;2026;290;272;221;203;196;0;0;0;0;0;242;199;231;143;140;134;0;0;160;157;151;137
31;6;Febrero;2026;290;272;221;207;200;0;0;0;0;0;242;202;235;143;140;133;0;0;163;161;154;137
7;13;Febrero;2026;290;272;221;209;203;0;0;0;0;0;242;209;243;148;145;139;0;0;169;167;160;137
14;20;Febrero;2026;290;272;221;204;198;0;0;0;0;0;242;205;239;147;144;138;0;0;166;168;157;137
21;27;Febrero;2026;290;272;221;202;195;0;0;0;0;0;242;202;235;145;142;135;0;0;163;160;153;137
